ticker,company,sector,cik,fiscal_year,revenue_usd,operating_income_usd,d_and_a_usd,ebitda_proxy_usd
MMM,3M,Industrials,66740,2025.0,24948000000.0,4629000000.0,1308000000.0,5937000000.0
AOS,A. O. Smith,Industrials,91142,2025.0,3830200000.0,728600000.0,85100000.0,813700000.0
ABT,Abbott Laboratories,Health Care,1800,2017.0,27390000000.0,,,
ABBV,AbbVie,Health Care,1551152,2025.0,61160000000.0,15075000000.0,,15075000000.0
ACN,Accenture,Information Technology,1467373,2025.0,69672977000.0,10225664000.0,1443225000.0,11668889000.0
ADBE,Adobe Inc.,Information Technology,796343,2025.0,23769000000.0,8706000000.0,818000000.0,9524000000.0
AMD,Advanced Micro Devices,Information Technology,2488,2025.0,34639000000.0,3694000000.0,222000000.0,3916000000.0
AES,AES Corporation,Utilities,874761,2025.0,12233000000.0,,-1457000000.0,
AFL,Aflac,Financials,4977,2025.0,17164000000.0,4157000000.0,36000000.0,4193000000.0
A,Agilent Technologies,Health Care,1090872,2025.0,6948000000.0,1479000000.0,288000000.0,1767000000.0
APD,Air Products,Materials,2969,2025.0,12037300000.0,-877000000.0,1564200000.0,687200000.0
ABNB,Airbnb,Consumer Discretionary,1559720,2025.0,12241000000.0,2544000000.0,42600000.0,2586600000.0
AKAM,Akamai Technologies,Information Technology,1086222,2025.0,4208175000.0,566944000.0,708611000.0,1275555000.0
ALB,Albemarle Corporation,Materials,915913,2025.0,5142733000.0,-367084000.0,658678000.0,291594000.0
ARE,Alexandria Real Estate Equities,Real Estate,1035443,2025.0,3026556000.0,,1350478000.0,
ALGN,Align Technology,Health Care,1097149,2025.0,4034964000.0,545755000.0,237436000.0,783191000.0
ALLE,Allegion,Industrials,1579241,2025.0,4067300000.0,859500000.0,129700000.0,989200000.0
LNT,Alliant Energy,Utilities,352541,2025.0,4362000000.0,1025000000.0,846000000.0,1871000000.0
ALL,Allstate,Financials,899051,2025.0,67685000000.0,,482000000.0,
GOOGL,Alphabet Inc. (Class A),Communication Services,1652044,2025.0,402836000000.0,129039000000.0,,129039000000.0
MO,Altria,Consumer Staples,764180,2025.0,23279000000.0,9899000000.0,266000000.0,10165000000.0
AMZN,Amazon,Consumer Discretionary,1018724,2025.0,716924000000.0,79975000000.0,65756000000.0,145731000000.0
AMCR,Amcor,Materials,1748790,2026.0,23506000000.0,1899000000.0,1479000000.0,3378000000.0
AEE,Ameren,Utilities,1002910,2025.0,8799000000.0,2026000000.0,1612000000.0,3638000000.0
AEP,American Electric Power,Utilities,4904,2025.0,21876000000.0,5319000000.0,3325000000.0,8644000000.0
AXP,American Express,Financials,4962,2025.0,41304000000.0,2841000000.0,1777000000.0,4618000000.0
AIG,American International Group,Financials,5272,2025.0,26775000000.0,,3455000000.0,
AMT,American Tower,Real Estate,1053507,2025.0,10644600000.0,4845800000.0,2041600000.0,6887400000.0
AWK,American Water Works,Utilities,1410636,2025.0,5121000000.0,1879000000.0,894000000.0,2773000000.0
AMP,Ameriprise Financial,Financials,820027,2025.0,18911000000.0,,151000000.0,
AME,Ametek,Industrials,1037868,2025.0,7401116000.0,1910317000.0,422804000.0,2333121000.0
AMGN,Amgen,Health Care,318154,2025.0,36751000000.0,9080000000.0,5167000000.0,14247000000.0
APH,Amphenol,Information Technology,820313,2025.0,23094700000.0,5868600000.0,922400000.0,6791000000.0
ADI,Analog Devices,Information Technology,6281,2025.0,11019707000.0,2932496000.0,,2932496000.0
AON,Aon plc,Financials,315293,2025.0,17181000000.0,4344000000.0,176000000.0,4520000000.0
APA,APA Corporation,Energy,1841666,,,3087000000.0,2304000000.0,5391000000.0
APO,Apollo Global Management,Financials,1858681,2025.0,32049000000.0,,1431000000.0,
AAPL,Apple Inc.,Information Technology,320193,2025.0,416161000000.0,133050000000.0,11698000000.0,144748000000.0
AMAT,Applied Materials,Information Technology,6951,2025.0,28368000000.0,8289000000.0,435000000.0,8724000000.0
APP,AppLovin,Communication Services,1751008,2025.0,5480717000.0,4151914000.0,194778000.0,4346692000.0
APTV,Aptiv,Consumer Discretionary,1521332,2025.0,20398000000.0,1184000000.0,991000000.0,2175000000.0
ACGL,Arch Capital Group,Financials,947484,2025.0,19929000000.0,,,
ADM,Archer Daniels Midland,Consumer Staples,7084,2025.0,80269000000.0,,1181000000.0,
ARES,Ares Management,Financials,1176948,2025.0,4755618000.0,,,
ANET,Arista Networks,Information Technology,1596532,2025.0,9005700000.0,3856100000.0,72600000.0,3928700000.0
AJG,Arthur J. Gallagher & Co.,Financials,354190,2025.0,13942000000.0,,1122000000.0,
AIZ,Assurant,Financials,1267238,2025.0,12814300000.0,,250000000.0,
T,AT&T,Communication Services,732717,2025.0,125648000000.0,24162000000.0,20886000000.0,45048000000.0
ATO,Atmos Energy,Utilities,731802,2025.0,4702755000.0,1559971000.0,734745000.0,2294716000.0
ADSK,Autodesk,Information Technology,769397,2026.0,7206000000.0,1578000000.0,195000000.0,1773000000.0
ADP,Automatic Data Processing,Industrials,8670,2026.0,21947400000.0,,585900000.0,
AZO,AutoZone,Consumer Discretionary,866787,2025.0,18938717000.0,3610156000.0,613199000.0,4223355000.0
AVY,Avery Dennison,Materials,8818,2025.0,8855500000.0,,328200000.0,
AXON,Axon Enterprise,Industrials,1069183,2025.0,2779536000.0,-62076000.0,83161000.0,21085000.0
BKR,Baker Hughes,Energy,1701605,2025.0,27733000000.0,3081000000.0,1188000000.0,4269000000.0
BALL,Ball Corporation,Materials,9389,2025.0,13161000000.0,1273000000.0,622000000.0,1895000000.0
BAC,Bank of America,Financials,70858,2025.0,113097000000.0,,2314000000.0,
BAX,Baxter International,Health Care,10456,2025.0,11244000000.0,-308000000.0,981000000.0,673000000.0
BDX,Becton Dickinson,Health Care,10795,2025.0,21840000000.0,2579000000.0,2462000000.0,5041000000.0
BRK.B,Berkshire Hathaway,Financials,1067983,2025.0,371444000000.0,20079000000.0,13476000000.0,33555000000.0
BBY,Best Buy,Consumer Discretionary,764478,2026.0,41691000000.0,1389000000.0,831000000.0,2220000000.0
TECH,Bio-Techne,Health Care,842023,2026.0,1215039000.0,251890000.0,97359000.0,349249000.0
BIIB,Biogen,Health Care,875045,,,2840700000.0,365648000.0,3206348000.0
BLK,BlackRock,Financials,2012383,2025.0,24216000000.0,7045000000.0,1126000000.0,8171000000.0
BX,Blackstone Inc.,Financials,1393818,2025.0,14450265000.0,,,
XYZ,"Block, Inc.",Financials,1512673,2025.0,24193683000.0,1708406000.0,369529000.0,2077935000.0
BNY,BNY Mellon,Financials,1390777,2025.0,20080000000.0,,1852000000.0,
BA,Boeing,Industrials,12927,2025.0,89463000000.0,4281000000.0,1953000000.0,6234000000.0
BKNG,Booking Holdings,Consumer Discretionary,1075531,2025.0,26917000000.0,8825000000.0,623000000.0,9448000000.0
BSX,Boston Scientific,Health Care,885725,2025.0,20074000000.0,3613000000.0,1368000000.0,4981000000.0
BMY,Bristol Myers Squibb,Health Care,14272,2025.0,48194000000.0,,4011000000.0,
AVGO,Broadcom,Information Technology,1730168,2025.0,63887000000.0,25484000000.0,,25484000000.0
BR,Broadridge Financial Solutions,Industrials,1383312,2026.0,7476800000.0,1300600000.0,137700000.0,1438300000.0
BRO,Brown & Brown,Financials,79282,2025.0,5902000000.0,,,
BF.B,Brown–Forman,Consumer Staples,14693,2026.0,3928000000.0,1001000000.0,92000000.0,1093000000.0
BLDR,Builders FirstSource,Industrials,1316835,2025.0,15190638000.0,786276000.0,591432000.0,1377708000.0
BG,Bunge Global,Consumer Staples,1996862,,,,,
BXP,"BXP, Inc.",Real Estate,1037540,2025.0,3482279000.0,908110000.0,912088000.0,1820198000.0
CHRW,C.H. Robinson,Industrials,1043277,2025.0,16232763000.0,794961000.0,102818000.0,897779000.0
CDNS,Cadence Design Systems,Information Technology,813672,2017.0,1943032000.0,,91648000.0,
CPT,Camden Property Trust,Real Estate,906345,2025.0,12967000.0,,611025000.0,
COF,Capital One,Financials,927628,2025.0,53434000000.0,,5260000000.0,
CAH,Cardinal Health,Health Care,721371,2026.0,254248000000.0,2613000000.0,956000000.0,3569000000.0
CCL,Carnival Corporation,Consumer Discretionary,815097,2025.0,26622000000.0,4483000000.0,2790000000.0,7273000000.0
CARR,Carrier Global,Industrials,1783180,2025.0,21747000000.0,2172000000.0,1274000000.0,3446000000.0
CVNA,Carvana,Consumer Discretionary,1690820,2025.0,20322000000.0,1881000000.0,,1881000000.0
CASY,Casey's,Consumer Staples,726958,2026.0,17561101000.0,,449958000.0,
CAT,Caterpillar Inc.,Industrials,18230,2025.0,67589000000.0,11151000000.0,2262000000.0,13413000000.0
CBOE,Cboe Global Markets,Financials,1374310,2025.0,4714200000.0,1467100000.0,122400000.0,1589500000.0
CBRE,CBRE Group,Real Estate,1138118,2025.0,40550000000.0,1753000000.0,729000000.0,2482000000.0
CDW,CDW Corporation,Information Technology,1402057,2025.0,22424100000.0,1655600000.0,295600000.0,1951200000.0
COR,Cencora,Health Care,1140859,2025.0,321332819000.0,2628601000.0,1051075000.0,3679676000.0
CNC,Centene Corporation,Health Care,1071739,2025.0,194777000000.0,-7623000000.0,1275000000.0,-6348000000.0
CNP,CenterPoint Energy,Utilities,1130310,2025.0,9357000000.0,2110000000.0,1530000000.0,3640000000.0
CF,CF Industries,Materials,1324404,2025.0,7084000000.0,2300000000.0,898000000.0,3198000000.0
CRL,Charles River Laboratories,Health Care,1100682,2025.0,4015382000.0,25162000.0,403312000.0,428474000.0
SCHW,Charles Schwab Corporation,Financials,316709,2025.0,23921000000.0,,804000000.0,
CHTR,Charter Communications,Communication Services,1091667,2025.0,54774000000.0,12908000000.0,8711000000.0,21619000000.0
CVX,Chevron Corporation,Energy,93410,2025.0,189031000000.0,,20132000000.0,
CMG,Chipotle Mexican Grill,Consumer Discretionary,1058090,2025.0,11925601000.0,1935798000.0,361382000.0,2297180000.0
CB,Chubb Limited,Financials,896159,,,,,
CHD,Church & Dwight,Consumer Staples,313927,2025.0,6203200000.0,1077600000.0,247400000.0,1325000000.0
CIEN,Ciena,Information Technology,936395,2025.0,4769507000.0,197531000.0,,197531000.0
CI,Cigna,Health Care,1739940,2025.0,274900000000.0,9200000000.0,2775000000.0,11975000000.0
CINF,Cincinnati Financial,Financials,20286,2025.0,12631000000.0,,93000000.0,
CTAS,Cintas,Industrials,723254,2026.0,11264761000.0,2606512000.0,512846000.0,3119358000.0
CSCO,Cisco,Information Technology,858877,2026.0,63325000000.0,15368000000.0,700000000.0,16068000000.0
C,Citigroup,Financials,831001,2025.0,85225000000.0,,4373000000.0,
CFG,Citizens Financial Group,Financials,759944,2025.0,8247000000.0,,478000000.0,
CLX,Clorox,Consumer Staples,21076,2025.0,7104000000.0,,219000000.0,
CME,CME Group,Financials,1156375,2025.0,6520600000.0,4229500000.0,107500000.0,4337000000.0
CMS,CMS Energy,Utilities,811156,2025.0,8539000000.0,1727000000.0,1306000000.0,3033000000.0
KO,Coca-Cola Company (The),Consumer Staples,21344,,,,,
CTSH,Cognizant,Information Technology,1058290,2017.0,14810000000.0,,,
COHR,Coherent Corp.,Information Technology,820318,2026.0,7118181000.0,96121000.0,521895000.0,618016000.0
COIN,Coinbase,Financials,1679788,2025.0,7181325000.0,1435441000.0,188428000.0,1623869000.0
CL,Colgate-Palmolive,Consumer Staples,21665,2025.0,20382000000.0,3306000000.0,630000000.0,3936000000.0
CMCSA,Comcast,Communication Services,1166691,2025.0,123707000000.0,20672000000.0,16210000000.0,36882000000.0
FIX,Comfort Systems USA,Industrials,1035983,2025.0,9101641000.0,1314589000.0,62400000.0,1376989000.0
COP,ConocoPhillips,Energy,1163165,2025.0,58944000000.0,,11500000000.0,
ED,Consolidated Edison,Utilities,1047862,2025.0,16918000000.0,2935000000.0,2321000000.0,5256000000.0
STZ,Constellation Brands,Consumer Staples,16918,2026.0,9139000000.0,2721400000.0,420000000.0,3141400000.0
CEG,Constellation Energy,Utilities,1868275,2025.0,25533000000.0,3086000000.0,2601000000.0,5687000000.0
COO,Cooper Companies (The),Health Care,711404,2025.0,4092400000.0,682900000.0,377400000.0,1060300000.0
CPRT,Copart,Industrials,900075,2025.0,4646958000.0,1696714000.0,215849000.0,1912563000.0
GLW,Corning Inc.,Information Technology,24741,2025.0,15629000000.0,2279000000.0,,2279000000.0
CPAY,Corpay,Financials,1175454,2025.0,4528403000.0,1994108000.0,393303000.0,2387411000.0
CTVA,Corteva,Materials,1755672,2025.0,17401000000.0,,1203000000.0,
CSGP,CoStar Group,Real Estate,1057352,2025.0,3247000000.0,-72000000.0,263000000.0,191000000.0
COST,Costco,Consumer Staples,909832,2025.0,275235000000.0,10383000000.0,2426000000.0,12809000000.0
CRH,CRH plc,Materials,849395,2025.0,37447000000.0,5440000000.0,2156000000.0,7596000000.0
CRWD,CrowdStrike,Information Technology,1535527,2026.0,4812005000.0,-293292000.0,,-293292000.0
CCI,Crown Castle,Real Estate,1051470,2025.0,4264000000.0,2075000000.0,690000000.0,2765000000.0
CSX,CSX Corporation,Industrials,277948,2025.0,14092000000.0,4521000000.0,1680000000.0,6201000000.0
CMI,Cummins,Industrials,26172,2025.0,33670000000.0,4025000000.0,1105000000.0,5130000000.0
CVS,CVS Health,Health Care,64803,2025.0,402067000000.0,4660000000.0,4606000000.0,9266000000.0
DHR,Danaher Corporation,Health Care,313616,2025.0,24568000000.0,4690000000.0,2166000000.0,6856000000.0
DRI,Darden Restaurants,Consumer Discretionary,940944,2026.0,13210900000.0,1582800000.0,561100000.0,2143900000.0
DDOG,Datadog,Information Technology,1561550,2025.0,3427158000.0,-44373000.0,49200000.0,4827000.0
DVA,DaVita,Health Care,927066,2025.0,13643069000.0,2043615000.0,708252000.0,2751867000.0
DECK,Deckers Brands,Consumer Discretionary,910521,2026.0,5472296000.0,1262903000.0,75773000.0,1338676000.0
DE,Deere & Company,Industrials,315189,2025.0,45684000000.0,9039000000.0,2229000000.0,11268000000.0
DELL,Dell Technologies,Information Technology,1571996,2026.0,113538000000.0,8149000000.0,3029000000.0,11178000000.0
DAL,Delta Air Lines,Industrials,27904,2025.0,63364000000.0,5822000000.0,2443000000.0,8265000000.0
DVN,Devon Energy,Energy,1090012,2025.0,17188000000.0,-2895000000.0,3595000000.0,700000000.0
DXCM,Dexcom,Health Care,1093557,2025.0,4662000000.0,911800000.0,251800000.0,1163600000.0
FANG,Diamondback Energy,Energy,1539838,2025.0,15026000000.0,1266000000.0,5038000000.0,6304000000.0
DLR,Digital Realty,Real Estate,1297996,2025.0,6112692000.0,658492000.0,1894636000.0,2553128000.0
DG,Dollar General,Consumer Staples,29534,2026.0,42724369000.0,2203668000.0,1046318000.0,3249986000.0
DLTR,Dollar Tree,Consumer Staples,935703,2026.0,19411800000.0,1653100000.0,648100000.0,2301200000.0
D,Dominion Energy,Utilities,715957,2025.0,16506000000.0,4414000000.0,2387000000.0,6801000000.0
DPZ,Domino's,Consumer Discretionary,1286681,2025.0,4939994000.0,953974000.0,88827000.0,1042801000.0
DASH,DoorDash,Consumer Discretionary,1792789,2025.0,13717000000.0,723000000.0,747000000.0,1470000000.0
DOV,Dover Corporation,Industrials,29905,2025.0,8092571000.0,1373361000.0,379577000.0,1752938000.0
DOW,Dow Inc.,Materials,1751788,2025.0,39968000000.0,,2834000000.0,
DHI,D. R. Horton,Consumer Discretionary,882184,2025.0,34250400000.0,,101300000.0,
DTE,DTE Energy,Utilities,936340,2017.0,12607000000.0,2374000000.0,1841000000.0,4215000000.0
DUK,Duke Energy,Utilities,1326160,2025.0,31741000000.0,8626000000.0,7704000000.0,16330000000.0
DD,DuPont,Industrials,1666700,2025.0,6849000000.0,,647000000.0,
ETN,Eaton Corporation,Industrials,1551182,2025.0,27448000000.0,3675000000.0,1006000000.0,4681000000.0
EBAY,eBay Inc.,Consumer Discretionary,1065088,2025.0,11100000000.0,2277000000.0,421000000.0,2698000000.0
ECHO,EchoStar,Communication Services,1415404,2025.0,15004989000.0,-17723146000.0,1585549000.0,-16137597000.0
ECL,Ecolab,Materials,31462,2025.0,16081200000.0,2737600000.0,714500000.0,3452100000.0
EIX,Edison International,Utilities,827052,2025.0,19317000000.0,7093000000.0,3237000000.0,10330000000.0
EW,Edwards Lifesciences,Health Care,1099800,2025.0,6067600000.0,1264200000.0,156600000.0,1420800000.0
ELV,Elevance Health,Health Care,1156039,2025.0,199125000000.0,7199000000.0,1546000000.0,8745000000.0
EME,Emcor,Industrials,105634,2025.0,16986422000.0,1713418000.0,51822000.0,1765240000.0
EMR,Emerson Electric,Industrials,32604,2025.0,18016000000.0,,1518000000.0,
ETR,Entergy,Utilities,65984,2025.0,12946686000.0,3202278000.0,2305568000.0,5507846000.0
EOG,EOG Resources,Energy,821189,2025.0,22632000000.0,6385000000.0,4461000000.0,10846000000.0
EQT,EQT Corporation,Energy,33213,2025.0,8644211000.0,3249619000.0,2600390000.0,5850009000.0
EFX,Equifax,Industrials,33185,2025.0,6074500000.0,1095200000.0,726900000.0,1822100000.0
EQIX,Equinix,Real Estate,1101239,2025.0,9217000000.0,1848000000.0,2050000000.0,3898000000.0
ERIE,Erie Indemnity,Financials,922621,2025.0,4067258000.0,717184000.0,69450000.0,786634000.0
ESS,Essex Property Trust,Real Estate,920522,2025.0,1887345000.0,899316000.0,607542000.0,1506858000.0
EL,Estée Lauder Companies (The),Consumer Staples,1001250,2026.0,15049000000.0,780000000.0,796000000.0,1576000000.0
EG,Everest Group,Financials,1095073,2025.0,17496000000.0,,,
EVRG,Evergy,Utilities,1711269,2025.0,5961600000.0,1532900000.0,1162900000.0,2695800000.0
ES,Eversource Energy,Utilities,72741,2025.0,13547244000.0,2988589000.0,2404500000.0,5393089000.0
EXC,Exelon,Utilities,1109357,2025.0,24258000000.0,5148000000.0,3643000000.0,8791000000.0
EXE,Expand Energy,Energy,895126,2020.0,2745000000.0,,82000000.0,
EXPE,Expedia Group,Consumer Discretionary,1324424,2025.0,14733000000.0,1871000000.0,887000000.0,2758000000.0
EXPD,Expeditors International,Industrials,746515,2025.0,11069009000.0,1052546000.0,56769000.0,1109315000.0
EXR,Extra Space Storage,Real Estate,1289490,2025.0,3377542000.0,1412691000.0,715177000.0,2127868000.0
XOM,ExxonMobil,Energy,2115436,,,,,
FFIV,"F5, Inc.",Information Technology,1048695,2025.0,3088072000.0,765949000.0,92399000.0,858348000.0
FDS,FactSet,Financials,1013237,2025.0,2321748000.0,748303000.0,157691000.0,905994000.0
FICO,Fair Isaac,Information Technology,814547,2025.0,1990869000.0,924850000.0,14952000.0,939802000.0
FAST,Fastenal,Industrials,815556,2025.0,8200500000.0,1655700000.0,179200000.0,1834900000.0
FRT,Federal Realty Investment Trust,Real Estate,34903,2025.0,1278975000.0,602199000.0,367842000.0,970041000.0
FDX,FedEx,Industrials,1048911,2026.0,94720000000.0,5463000000.0,4369000000.0,9832000000.0
FDXF,FedEx Freight,Industrials,2082247,2026.0,8795000000.0,540000000.0,512000000.0,1052000000.0
FERG,Ferguson Enterprises,Industrials,2011641,2025.0,30762000000.0,2606000000.0,373000000.0,2979000000.0
FIS,Fidelity National Information Services,Financials,1136893,2025.0,10677000000.0,1741000000.0,1883000000.0,3624000000.0
FITB,Fifth Third Bancorp,Financials,35527,2023.0,577000000.0,,554000000.0,
FSLR,First Solar,Information Technology,1274494,2025.0,5219376000.0,1596864000.0,529216000.0,2126080000.0
FE,FirstEnergy,Utilities,1031296,2025.0,15090000000.0,2206000000.0,1317000000.0,3523000000.0
FISV,Fiserv,Financials,798354,2025.0,21193000000.0,5818000000.0,3162000000.0,8980000000.0
FLEX,Flex Ltd.,Information Technology,866374,2026.0,27914000000.0,1368000000.0,433413000.0,1801413000.0
F,Ford Motor Company,Consumer Discretionary,37996,2024.0,184992000000.0,,,
FTNT,Fortinet,Information Technology,1262039,2025.0,6799600000.0,2084700000.0,152000000.0,2236700000.0
FTV,Fortive,Industrials,1659166,2018.0,6452700000.0,,,
FOX,Fox Corporation (Class B),Communication Services,1754301,2026.0,17126000000.0,,410000000.0,
BEN,Franklin Resources,Financials,38777,2025.0,8770700000.0,604100000.0,125300000.0,729400000.0
FCX,Freeport-McMoRan,Materials,831259,2025.0,25915000000.0,6518000000.0,2244000000.0,8762000000.0
GRMN,Garmin,Consumer Discretionary,1121788,2018.0,3347444000.0,,,
IT,Gartner,Information Technology,749251,2025.0,6497226000.0,1025711000.0,200309000.0,1226020000.0
GE,GE Aerospace,Industrials,40545,2025.0,45855000000.0,22887000000.0,863000000.0,23750000000.0
GEHC,GE HealthCare,Health Care,1932393,,,,,
GEV,GE Vernova,Industrials,1996810,2025.0,38068000000.0,1388000000.0,,1388000000.0
GEN,Gen Digital,Information Technology,849399,2026.0,5000000000.0,2120000000.0,493000000.0,2613000000.0
GNRC,Generac,Industrials,1474735,2025.0,4209147000.0,289191000.0,194835000.0,484026000.0
GD,General Dynamics,Industrials,40533,2025.0,52550000000.0,,,
GIS,General Mills,Consumer Staples,40704,2026.0,18424600000.0,885800000.0,555200000.0,1441000000.0
GM,General Motors,Consumer Discretionary,1467858,2025.0,185019000000.0,2909000000.0,11980000000.0,14889000000.0
GPC,Genuine Parts Company,Consumer Discretionary,40987,2025.0,24300141000.0,1430505000.0,538023000.0,1968528000.0
GILD,Gilead Sciences,Health Care,882095,2025.0,29443000000.0,10022000000.0,,10022000000.0
GPN,Global Payments,Financials,1123360,2025.0,7705878000.0,1754624000.0,1229208000.0,2983832000.0
GL,Globe Life,Financials,320335,2025.0,5994318000.0,1265012000.0,,1265012000.0
GDDY,GoDaddy,Information Technology,1609711,2025.0,4951100000.0,1127300000.0,116600000.0,1243900000.0
GS,Goldman Sachs,Financials,886982,,,,2182000000.0,
HAL,Halliburton,Energy,45012,2025.0,22184000000.0,2260000000.0,1136000000.0,3396000000.0
HIG,Hartford (The),Financials,874766,2025.0,28368000000.0,-1728000000.0,396000000.0,-1332000000.0
HAS,Hasbro,Consumer Discretionary,46080,2025.0,5365900000.0,11100000.0,135500000.0,146600000.0
HCA,HCA Healthcare,Health Care,860730,2020.0,51533000000.0,,,
DOC,Healthpeak Properties,Real Estate,765880,2025.0,2822512000.0,,1058865000.0,
HSIC,Henry Schein,Health Care,1000228,2025.0,13184000000.0,653000000.0,311000000.0,964000000.0
HSY,Hershey Company (The),Consumer Staples,47111,2025.0,11692576000.0,1441528000.0,503701000.0,1945229000.0
HPE,Hewlett Packard Enterprise,Information Technology,1645590,2025.0,34296000000.0,-437000000.0,2737000000.0,2300000000.0
HLT,Hilton Worldwide,Consumer Discretionary,1585689,2025.0,12039000000.0,2693000000.0,177000000.0,2870000000.0
HD,Home Depot (The),Consumer Discretionary,354950,2026.0,164683000000.0,20890000000.0,3514000000.0,24404000000.0
HONA,Honeywell Aerospace,Industrials,2089271,,,,,
HON,Honeywell Technologies,Industrials,773840,2025.0,37442000000.0,8127000000.0,1388000000.0,9515000000.0
HRL,Hormel Foods,Consumer Staples,48465,2025.0,12106160000.0,718603000.0,263901000.0,982504000.0
HST,Host Hotels & Resorts,Real Estate,1070750,2025.0,6114000000.0,855000000.0,795000000.0,1650000000.0
HWM,Howmet Aerospace,Industrials,4281,2025.0,8252000000.0,2046000000.0,283000000.0,2329000000.0
HPQ,HP Inc.,Information Technology,47217,2025.0,55295000000.0,3174000000.0,916000000.0,4090000000.0
HUBB,Hubbell Incorporated,Industrials,48898,2017.0,3668800000.0,,,
HUM,Humana,Health Care,49071,2017.0,53362000000.0,,,
HBAN,Huntington Bancshares,Financials,49196,,,,622000000.0,
HII,Huntington Ingalls Industries,Industrials,1501585,2025.0,12484000000.0,657000000.0,329000000.0,986000000.0
IBM,IBM,Information Technology,51143,2025.0,67535000000.0,,,
IEX,IDEX Corporation,Industrials,832101,2025.0,3457500000.0,699300000.0,152100000.0,851400000.0
IDXX,Idexx Laboratories,Health Care,874716,2025.0,4303702000.0,1360031000.0,145183000.0,1505214000.0
ITW,Illinois Tool Works,Industrials,49826,2025.0,16044000000.0,4216000000.0,,4216000000.0
INCY,Incyte,Health Care,879169,2022.0,3394635000.0,,,
IR,Ingersoll Rand,Industrials,1699150,2025.0,7650900000.0,1144600000.0,505800000.0,1650400000.0
PODD,Insulet Corporation,Health Care,1145197,2025.0,2708100000.0,473800000.0,90400000.0,564200000.0
INTC,Intel,Information Technology,50863,2025.0,52853000000.0,-2214000000.0,200000000.0,-2014000000.0
IBKR,Interactive Brokers,Financials,1381197,2025.0,2440000000.0,,61000000.0,
ICE,Intercontinental Exchange,Financials,1571949,2025.0,12640000000.0,4929000000.0,1560000000.0,6489000000.0
IFF,International Flavors & Fragrances,Materials,51253,2025.0,10890000000.0,-382000000.0,962000000.0,580000000.0
IP,International Paper,Materials,51434,2025.0,23634000000.0,2361000000.0,2747000000.0,5108000000.0
INTU,Intuit,Information Technology,896878,2026.0,21448000000.0,5884000000.0,,5884000000.0
ISRG,Intuitive Surgical,Health Care,1035267,2025.0,10064700000.0,2945500000.0,,2945500000.0
IVZ,Invesco,Financials,914208,2025.0,6377100000.0,-695700000.0,155900000.0,-539800000.0
INVH,Invitation Homes,Real Estate,1687229,2025.0,2729296000.0,118207000.0,,118207000.0
IQV,IQVIA,Health Care,1478242,2017.0,9739000000.0,,,
IRM,Iron Mountain,Real Estate,1020569,2025.0,6901737000.0,1163822000.0,1024435000.0,2188257000.0
JBHT,J.B. Hunt,Industrials,728535,2025.0,11999096000.0,865069000.0,714785000.0,1579854000.0
JBL,Jabil,Information Technology,898293,2025.0,29802000000.0,1182000000.0,674000000.0,1856000000.0
JKHY,Jack Henry & Associates,Financials,779152,2026.0,2544339000.0,635033000.0,,635033000.0
J,Jacobs Solutions,Industrials,52988,2025.0,12029783000.0,863634000.0,82059000.0,945693000.0
JNJ,Johnson & Johnson,Health Care,200406,2025.0,94193000000.0,21590000000.0,7503000000.0,29093000000.0
JCI,Johnson Controls,Industrials,833444,2018.0,31400000000.0,884000000.0,1133000000.0,2017000000.0
JPM,JPMorgan Chase,Financials,19617,2025.0,182447000000.0,,8821000000.0,
KVUE,Kenvue,Consumer Staples,1944048,2025.0,15124000000.0,2414000000.0,557000000.0,2971000000.0
KDP,Keurig Dr Pepper,Consumer Staples,1418135,2025.0,16603000000.0,3575000000.0,102000000.0,3677000000.0
KEY,KeyCorp,Financials,91576,2025.0,7513000000.0,,87000000.0,
KEYS,Keysight Technologies,Information Technology,1601046,2025.0,5375000000.0,876000000.0,225000000.0,1101000000.0
KMB,Kimberly-Clark,Consumer Staples,55785,2025.0,16447000000.0,2351000000.0,805000000.0,3156000000.0
KIM,Kimco Realty,Real Estate,879101,2025.0,2140116000.0,770823000.0,627090000.0,1397913000.0
KMI,Kinder Morgan,Energy,1506307,2025.0,16937000000.0,4724000000.0,2453000000.0,7177000000.0
KKR,KKR & Co.,Financials,1404912,2025.0,19464307000.0,,-162529000.0,
KLAC,KLA Corporation,Information Technology,319201,2026.0,13579476000.0,772070000.0,393978000.0,1166048000.0
KHC,Kraft Heinz,Consumer Staples,1637459,2025.0,24942000000.0,-4669000000.0,968000000.0,-3701000000.0
KR,Kroger,Consumer Staples,56873,2026.0,147642000000.0,1890000000.0,3332000000.0,5222000000.0
LHX,L3Harris,Industrials,202058,2026.0,21865000000.0,2110000000.0,1224000000.0,3334000000.0
LH,Labcorp,Health Care,920148,2025.0,13951700000.0,1384700000.0,681100000.0,2065800000.0
LRCX,Lam Research,Information Technology,707549,2026.0,23232690000.0,8199795000.0,441533000.0,8641328000.0
LVS,Las Vegas Sands,Consumer Discretionary,1300514,2025.0,13017000000.0,2818000000.0,1464000000.0,4282000000.0
LDOS,Leidos,Industrials,1336920,2026.0,17174000000.0,2109000000.0,290000000.0,2399000000.0
LEN,Lennar,Consumer Discretionary,920760,2025.0,34186934000.0,3482206000.0,134310000.0,3616516000.0
LII,Lennox International,Industrials,1069202,2017.0,3839600000.0,,,
LLY,Lilly (Eli),Health Care,59478,2025.0,65179000000.0,,1997000000.0,
LIN,Linde plc,Materials,1707925,2025.0,33986000000.0,8923000000.0,3763000000.0,12686000000.0
LYV,Live Nation Entertainment,Communication Services,1335258,2025.0,25201406000.0,1251217000.0,638872000.0,1890089000.0
LMT,Lockheed Martin,Industrials,936468,2025.0,75048000000.0,7731000000.0,1687000000.0,9418000000.0
L,Loews Corporation,Financials,60086,2025.0,18454000000.0,,607000000.0,
LOW,Lowe's,Consumer Discretionary,60667,2026.0,86286000000.0,10153000000.0,2194000000.0,12347000000.0
LULU,Lululemon Athletica,Consumer Discretionary,1397187,2026.0,11102600000.0,2210615000.0,496228000.0,2706843000.0
LITE,Lumentum,Information Technology,1633978,2026.0,3014000000.0,524800000.0,,524800000.0
LYB,LyondellBasell,Materials,1489393,2025.0,30153000000.0,-420000000.0,1390000000.0,970000000.0
MTB,M&T Bank,Financials,36270,2025.0,1657000000.0,,323000000.0,
MPC,Marathon Petroleum,Energy,1510295,2025.0,132699000000.0,8291000000.0,3251000000.0,11542000000.0
MAR,Marriott International,Consumer Discretionary,1048286,2025.0,26186000000.0,4141000000.0,127000000.0,4268000000.0
MRSH,Marsh McLennan,Financials,62709,2025.0,26981000000.0,6223000000.0,361000000.0,6584000000.0
MLM,Martin Marietta Materials,Materials,916076,2025.0,6150000000.0,1437000000.0,637000000.0,2074000000.0
MRVL,Marvell Technology,Information Technology,1835632,2026.0,8194600000.0,1322900000.0,304900000.0,1627800000.0
MAS,Masco,Industrials,62996,2017.0,7644000000.0,,,
MA,Mastercard,Financials,1141391,2025.0,32791000000.0,18897000000.0,1143000000.0,20040000000.0
MKC,McCormick & Company,Consumer Staples,63754,2025.0,6840300000.0,1070800000.0,231300000.0,1302100000.0
MCD,McDonald's,Consumer Discretionary,63908,2025.0,26885000000.0,12393000000.0,457000000.0,12850000000.0
MCK,McKesson Corporation,Health Care,927653,2026.0,403430000000.0,6212000000.0,287000000.0,6499000000.0
MDT,Medtronic,Health Care,1613103,2026.0,36364000000.0,6467000000.0,2958000000.0,9425000000.0
MRK,Merck & Co.,Health Care,310158,2025.0,65011000000.0,,3652000000.0,
META,Meta Platforms,Communication Services,1326801,2025.0,200966000000.0,83276000000.0,18616000000.0,101892000000.0
MET,MetLife,Financials,1099219,2025.0,77084000000.0,6137000000.0,,6137000000.0
MTD,Mettler Toledo,Health Care,1037646,2025.0,4026399000.0,,,
MGM,MGM Resorts,Consumer Discretionary,789570,2025.0,17537683000.0,1001780000.0,1017794000.0,2019574000.0
MCHP,Microchip Technology,Information Technology,827054,2026.0,4713100000.0,490100000.0,689300000.0,1179400000.0
MU,Micron Technology,Information Technology,723125,2025.0,37378000000.0,9770000000.0,8352000000.0,18122000000.0
MSFT,Microsoft,Information Technology,789019,2026.0,331839000000.0,155237000000.0,,155237000000.0
MAA,Mid-America Apartment Communities,Real Estate,912595,2025.0,2209126000.0,130276000.0,622969000.0,753245000.0
MRNA,Moderna,Health Care,1682852,2025.0,1944000000.0,-3074000000.0,211000000.0,-2863000000.0
TAP,Molson Coors Beverage Company,Consumer Staples,24545,2025.0,13040300000.0,-2336900000.0,711300000.0,-1625600000.0
MDLZ,Mondelez International,Consumer Staples,1103982,,,,,
MPWR,Monolithic Power Systems,Information Technology,1280452,2025.0,2790459000.0,728636000.0,52513000.0,781149000.0
MNST,Monster Beverage,Consumer Staples,865752,2025.0,8294343000.0,2419354000.0,114441000.0,2533795000.0
MCO,Moody's Corporation,Financials,1059556,2025.0,7718000000.0,3351000000.0,480000000.0,3831000000.0
MS,Morgan Stanley,Financials,895421,2014.0,34275000000.0,,4658000000.0,
MOS,Mosaic Company (The),Materials,1285785,2025.0,12052400000.0,821500000.0,1049900000.0,1871400000.0
MSI,Motorola Solutions,Information Technology,68505,2025.0,11682000000.0,2988000000.0,425000000.0,3413000000.0
MSCI,MSCI,Financials,1408198,2025.0,3134459000.0,1713567000.0,23405000.0,1736972000.0
NDAQ,"Nasdaq, Inc.",Financials,1120193,2025.0,8262000000.0,2331000000.0,145000000.0,2476000000.0
NTAP,NetApp,Information Technology,1002047,2026.0,6237000000.0,1674000000.0,179000000.0,1853000000.0
NFLX,Netflix,Communication Services,1065280,2025.0,45183036000.0,13326603000.0,333389000.0,13659992000.0
NEM,Newmont,Materials,1164727,2025.0,22669000000.0,,2521000000.0,
NWS,News Corp (Class B),Communication Services,1564708,2026.0,9028000000.0,,485000000.0,
NEE,NextEra Energy,Utilities,753308,2025.0,25800000000.0,8280000000.0,6580000000.0,14860000000.0
NKE,"Nike, Inc.",Consumer Discretionary,320187,2026.0,46398000000.0,,747000000.0,
NI,NiSource,Utilities,1111711,2025.0,6522800000.0,1835300000.0,1167600000.0,3002900000.0
NDSN,Nordson Corporation,Industrials,72331,2025.0,2791687000.0,711725000.0,79264000.0,790989000.0
NSC,Norfolk Southern,Industrials,702165,2025.0,12180000000.0,4356000000.0,1393000000.0,5749000000.0
NTRS,Northern Trust,Financials,73124,2025.0,8086400000.0,,779100000.0,
NOC,Northrop Grumman,Industrials,1133421,2025.0,41954000000.0,4511000000.0,1472000000.0,5983000000.0
NCLH,Norwegian Cruise Line Holdings,Consumer Discretionary,1513761,2025.0,9827592000.0,1560868000.0,1162108000.0,2722976000.0
NRG,NRG Energy,Utilities,1013871,2025.0,30713000000.0,1845000000.0,1406000000.0,3251000000.0
NUE,Nucor,Materials,73309,2025.0,32494000000.0,,,
NVDA,Nvidia,Information Technology,1045810,2026.0,215938000000.0,130387000000.0,2843000000.0,133230000000.0
NVR,"NVR, Inc.",Consumer Discretionary,906163,2025.0,10323959000.0,,24510000.0,
NXPI,NXP Semiconductors,Information Technology,1413447,,,,,
ORLY,O'Reilly Automotive,Consumer Discretionary,898173,2025.0,17781992000.0,3460612000.0,511230000.0,3971842000.0
OXY,Occidental Petroleum,Energy,797468,2025.0,21593000000.0,,7533000000.0,
ODFL,Old Dominion,Industrials,878927,2025.0,5496389000.0,1361045000.0,364683000.0,1725728000.0
OMC,Omnicom Group,Communication Services,29989,,,,,
ON,ON Semiconductor,Information Technology,1097864,2025.0,5995400000.0,84200000.0,686000000.0,770200000.0
OKE,Oneok,Energy,1039684,2025.0,33629000000.0,5741000000.0,1514000000.0,7255000000.0
ORCL,Oracle Corporation,Information Technology,1341439,2026.0,67357000000.0,20606000000.0,,20606000000.0
OTIS,Otis Worldwide,Industrials,1781335,2025.0,14431000000.0,2133000000.0,175000000.0,2308000000.0
PCAR,Paccar,Industrials,75362,2025.0,28444800000.0,,398200000.0,
PKG,Packaging Corporation of America,Materials,75677,2025.0,8989300000.0,1107000000.0,652800000.0,1759800000.0
PLTR,Palantir Technologies,Information Technology,1321655,2025.0,4475446000.0,1414015000.0,26145000.0,1440160000.0
PANW,Palo Alto Networks,Information Technology,1327567,2026.0,11480000000.0,695000000.0,855000000.0,1550000000.0
PSKY,Paramount Skydance Corporation,Communication Services,2041610,2025.0,12269000000.0,-95000000.0,590000000.0,495000000.0
PH,Parker Hannifin,Industrials,76334,2026.0,21499000000.0,5068000000.0,,5068000000.0
PAYX,Paychex,Industrials,723531,2026.0,6512000000.0,2510500000.0,442600000.0,2953100000.0
PYPL,PayPal,Financials,1633917,2019.0,17772000000.0,,776000000.0,
PNR,Pentair,Industrials,77360,2019.0,755200000.0,,,
PEP,PepsiCo,Consumer Staples,77476,2025.0,93925000000.0,11498000000.0,3451000000.0,14949000000.0
PFE,Pfizer,Health Care,78003,2025.0,62579000000.0,,6592000000.0,
PCG,PG&E Corporation,Utilities,1004980,2025.0,24935000000.0,4749000000.0,,4749000000.0
PM,Philip Morris International,Consumer Staples,1413329,2025.0,40648000000.0,14892000000.0,1996000000.0,16888000000.0
PSX,Phillips 66,Energy,1534701,2025.0,132376000000.0,,3251000000.0,
PNW,Pinnacle West Capital,Utilities,764622,2025.0,5339939000.0,1067630000.0,969615000.0,2037245000.0
PNC,PNC Financial Services,Financials,713676,2025.0,23099000000.0,,381000000.0,
PPG,PPG Industries,Materials,79879,2017.0,14750000000.0,,,
PPL,PPL Corporation,Utilities,922224,2025.0,9042000000.0,2129000000.0,,2129000000.0
PFG,Principal Financial Group,Financials,1126328,,,,251400000.0,
PG,Procter & Gamble,Consumer Staples,80424,2026.0,87032000000.0,19748000000.0,3160000000.0,22908000000.0
PGR,Progressive Corporation,Financials,80661,2025.0,87671000000.0,,,
PLD,Prologis,Real Estate,1045609,2025.0,8790127000.0,4357864000.0,2626028000.0,6983892000.0
PRU,Prudential Financial,Financials,1137774,2025.0,60774000000.0,,128000000.0,
PEG,Public Service Enterprise Group,Utilities,788784,2025.0,12168000000.0,2980000000.0,1158000000.0,4138000000.0
PTC,PTC Inc.,Information Technology,857005,2025.0,2739226000.0,982385000.0,102504000.0,1084889000.0
PSA,Public Storage,Real Estate,1393311,2025.0,4824113000.0,1423142000.0,1151840000.0,2574982000.0
PHM,PulteGroup,Consumer Discretionary,822416,2025.0,17311953000.0,,112507000.0,
PWR,Quanta Services,Industrials,1050915,2025.0,28479697000.0,1611509000.0,,1611509000.0
QCOM,Qualcomm,Information Technology,804328,2025.0,44284000000.0,12355000000.0,1602000000.0,13957000000.0
DGX,Quest Diagnostics,Health Care,1022079,2025.0,11035000000.0,1556000000.0,570000000.0,2126000000.0
Q,Qnity Electronics,Information Technology,2058873,2025.0,4754000000.0,,376000000.0,
RL,Ralph Lauren Corporation,Consumer Discretionary,1037038,2026.0,8114500000.0,1179200000.0,233000000.0,1412200000.0
RJF,Raymond James Financial,Financials,720005,2025.0,15912000000.0,,195000000.0,
RDDT,Reddit,Communication Services,1713445,2025.0,2202506000.0,441984000.0,15948000.0,457932000.0
RTX,RTX Corporation,Industrials,101829,2025.0,88603000000.0,9300000000.0,4378000000.0,13678000000.0
O,Realty Income,Real Estate,726728,2025.0,5749377000.0,,2524200000.0,
REG,Regency Centers,Real Estate,910606,2025.0,1553524000.0,1123441000.0,405044000.0,1528485000.0
REGN,Regeneron Pharmaceuticals,Health Care,872589,2025.0,14342900000.0,3577900000.0,543700000.0,4121600000.0
RF,Regions Financial Corporation,Financials,1281761,2021.0,104000000.0,53000000.0,84000000.0,137000000.0
RSG,Republic Services,Industrials,1060391,2025.0,19027000000.0,3302000000.0,1814000000.0,5116000000.0
RMD,ResMed|,Health Care,943819,2026.0,5653443000.0,1886715000.0,201342000.0,2088057000.0
RVTY,Revvity,Health Care,31791,2025.0,2856051000.0,356635000.0,405340000.0,761975000.0
HOOD,Robinhood Markets,Financials,1783879,2025.0,4473000000.0,,86000000.0,
ROK,Rockwell Automation,Industrials,1024478,2025.0,8342000000.0,1703000000.0,325000000.0,2028000000.0
ROL,"Rollins, Inc.",Industrials,84839,2025.0,3761050000.0,726068000.0,124744000.0,850812000.0
ROP,Roper Technologies,Information Technology,882835,2025.0,7902500000.0,2235400000.0,898200000.0,3133600000.0
ROST,Ross Stores,Consumer Discretionary,745732,2026.0,22750559000.0,2707357000.0,509391000.0,3216748000.0
RCL,Royal Caribbean Group,Consumer Discretionary,884887,2025.0,17935000000.0,4910000000.0,1718000000.0,6628000000.0
SPGI,S&P Global,Financials,64040,2017.0,6063000000.0,,1179000000.0,
CRM,Salesforce,Information Technology,1108524,2026.0,41525000000.0,8331000000.0,1200000000.0,9531000000.0
SNDK,Sandisk,Information Technology,2023554,2026.0,20248000000.0,12389000000.0,149000000.0,12538000000.0
SBAC,SBA Communications,Real Estate,1034054,2025.0,2815139000.0,1342786000.0,292285000.0,1635071000.0
SLB,Schlumberger,Energy,87347,2025.0,35708000000.0,6523000000.0,2643000000.0,9166000000.0
STX,Seagate Technology,Information Technology,1137789,2026.0,12195000000.0,4094000000.0,276000000.0,4370000000.0
SRE,Sempra,Utilities,1032208,2025.0,13702000000.0,,2563000000.0,
NOW,ServiceNow,Information Technology,1373715,2025.0,13278000000.0,1824000000.0,738000000.0,2562000000.0
SHW,Sherwin-Williams,Materials,89800,2025.0,23574300000.0,4161700000.0,,4161700000.0
SPG,Simon Property Group,Real Estate,1063761,2025.0,6364505000.0,3175396000.0,1426423000.0,4601819000.0
SWKS,Skyworks Solutions,Information Technology,4127,2025.0,4086900000.0,500000000.0,,500000000.0
SJM,J.M. Smucker Company (The),Consumer Staples,91419,2026.0,9050900000.0,360200000.0,,360200000.0
SW,Smurfit Westrock,Materials,2005951,2025.0,31179000000.0,1719000000.0,2550000000.0,4269000000.0
SNA,Snap-on,Industrials,91440,2026.0,5156100000.0,1327700000.0,98500000.0,1426200000.0
SOLV,Solventum,Health Care,1964738,2025.0,8325000000.0,2181000000.0,489000000.0,2670000000.0
SO,Southern Company,Utilities,92122,2025.0,29553000000.0,7285000000.0,6030000000.0,13315000000.0
LUV,Southwest Airlines,Industrials,92380,2025.0,28063000000.0,428000000.0,1560000000.0,1988000000.0
SWK,Stanley Black & Decker,Industrials,93556,2026.0,15130400000.0,2176000000.0,365600000.0,2541600000.0
SBUX,Starbucks,Consumer Discretionary,829224,2025.0,37184400000.0,2936600000.0,1771500000.0,4708100000.0
STT,State Street Corporation,Financials,93751,2025.0,13944000000.0,,,
STLD,Steel Dynamics,Materials,1022671,2025.0,18176581000.0,1475986000.0,551390000.0,2027376000.0
STE,Steris,Health Care,1757898,2026.0,5935900000.0,1101800000.0,486500000.0,1588300000.0
SYK,Stryker Corporation,Health Care,310764,2025.0,25116000000.0,4889000000.0,1570000000.0,6459000000.0
SMCI,Supermicro,Information Technology,1375365,2026.0,39063072000.0,2770486000.0,53000000.0,2823486000.0
SYF,Synchrony Financial,Financials,1601712,,,,514000000.0,
SNPS,Synopsys,Information Technology,883241,2025.0,7054178000.0,914927000.0,660430000.0,1575357000.0
SYY,Sysco,Consumer Staples,96021,2026.0,84553000000.0,3095000000.0,976000000.0,4071000000.0
TMUS,T-Mobile US,Communication Services,1283699,2025.0,88309000000.0,18279000000.0,13508000000.0,31787000000.0
TROW,T. Rowe Price,Financials,1113169,2025.0,7314800000.0,2188800000.0,,2188800000.0
TTWO,Take-Two Interactive,Communication Services,946581,2026.0,6656400000.0,-104200000.0,198500000.0,94300000.0
TPR,"Tapestry, Inc.",Consumer Discretionary,1116132,2026.0,8004200000.0,1914400000.0,160800000.0,2075200000.0
TRGP,Targa Resources,Energy,1389170,2025.0,17028300000.0,3331200000.0,1515300000.0,4846500000.0
TGT,Target Corporation,Consumer Staples,27419,2026.0,104780000000.0,5117000000.0,3134000000.0,8251000000.0
TEL,TE Connectivity,Information Technology,1385157,2025.0,17262000000.0,3211000000.0,838000000.0,4049000000.0
TDY,Teledyne Technologies,Information Technology,1094285,2025.0,6115400000.0,1149800000.0,336300000.0,1486100000.0
TER,Teradyne,Information Technology,97210,2025.0,3190024000.0,650051000.0,127981000.0,778032000.0
TSLA,"Tesla, Inc.",Consumer Discretionary,1318605,2025.0,94827000000.0,4355000000.0,769300000.0,5124300000.0
TXN,Texas Instruments,Information Technology,97476,2025.0,17682000000.0,6023000000.0,,6023000000.0
TPL,Texas Pacific Land Corporation,Energy,1811074,2025.0,798190000.0,592161000.0,62533000.0,654694000.0
TXT,Textron,Industrials,217346,2026.0,14799000000.0,,401000000.0,
TMO,Thermo Fisher Scientific,Health Care,97745,2025.0,44556000000.0,7746000000.0,2267000000.0,10013000000.0
TJX,TJX Companies,Consumer Discretionary,109198,2026.0,60372000000.0,4763227000.0,1247000000.0,6010227000.0
TKO,TKO Group Holdings,Communication Services,1973266,2025.0,4735151000.0,835015000.0,484990000.0,1320005000.0
TTD,Trade Desk (The),Communication Services,1671933,2025.0,2896284000.0,589321000.0,115784000.0,705105000.0
TSCO,Tractor Supply,Consumer Discretionary,916365,2025.0,15524046000.0,1467389000.0,494011000.0,1961400000.0
TT,Trane Technologies,Industrials,1466258,2025.0,21321900000.0,3967400000.0,376300000.0,4343700000.0
TDG,TransDigm Group,Industrials,1260221,2025.0,8831000000.0,4165000000.0,367000000.0,4532000000.0
TRV,Travelers Companies (The),Financials,86312,2025.0,48828000000.0,3641000000.0,680000000.0,4321000000.0
TRMB,Trimble Inc.,Information Technology,864749,2026.0,3587300000.0,592000000.0,199900000.0,791900000.0
TFC,Truist Financial,Financials,92230,,,,,
TYL,Tyler Technologies,Information Technology,860731,2025.0,2332340000.0,357676000.0,138358000.0,496034000.0
TSN,Tyson Foods,Consumer Staples,100493,2025.0,54441000000.0,1098000000.0,1350000000.0,2448000000.0
USB,U.S. Bancorp,Financials,36104,2025.0,28656000000.0,,,
UBER,Uber,Industrials,1543151,2025.0,52017000000.0,5565000000.0,719000000.0,6284000000.0
UDR,"UDR, Inc.",Real Estate,74208,2025.0,1712317000.0,553606000.0,680035000.0,1233641000.0
ULTA,Ulta Beauty,Consumer Discretionary,1403568,2026.0,12392820000.0,1532992000.0,300772000.0,1833764000.0
UNP,Union Pacific Corporation,Industrials,100885,2025.0,24510000000.0,9846000000.0,,9846000000.0
UAL,United Airlines Holdings,Industrials,100517,2025.0,59070000000.0,4713000000.0,2939000000.0,7652000000.0
UPS,United Parcel Service,Industrials,1090727,2025.0,88661000000.0,7867000000.0,3000000000.0,10867000000.0
URI,United Rentals,Industrials,1067701,2025.0,16099000000.0,3973000000.0,438000000.0,4411000000.0
UNH,UnitedHealth Group,Health Care,731766,2025.0,447567000000.0,18964000000.0,4361000000.0,23325000000.0
UHS,Universal Health Services,Health Care,352915,2025.0,17364829000.0,1994015000.0,618743000.0,2612758000.0
VLO,Valero Energy,Energy,1035002,2025.0,122687000000.0,3181000000.0,3158000000.0,6339000000.0
VEEV,Veeva Systems,Health Care,1393052,2026.0,3195311000.0,916369000.0,19859000.0,936228000.0
VTR,Ventas,Real Estate,740260,2025.0,5833980000.0,,1379140000.0,
VLTO,Veralto,Industrials,1967680,,,,,
VRSN,Verisign,Information Technology,1014473,2025.0,1656600000.0,1121000000.0,31200000.0,1152200000.0
VRSK,Verisk Analytics,Industrials,1442145,2017.0,2145200000.0,,,
VZ,Verizon,Communication Services,732712,2025.0,138191000000.0,29259000000.0,18349000000.0,47608000000.0
VRTX,Vertex Pharmaceuticals,Health Care,875320,2025.0,12001300000.0,4173300000.0,209800000.0,4383100000.0
VRT,Vertiv,Industrials,1674101,2025.0,10229900000.0,1829700000.0,308600000.0,2138300000.0
VTRS,Viatris,Health Care,1792044,2025.0,14299900000.0,-2663100000.0,2798300000.0,135200000.0
VICI,Vici Properties,Real Estate,1705696,2025.0,4006116000.0,321018000.0,,321018000.0
V,Visa Inc.,Financials,1403161,2020.0,21846000000.0,,,
VST,Vistra Corp.,Utilities,1692819,2025.0,17738000000.0,1906000000.0,1986000000.0,3892000000.0
VMRK,Vivmark Residential,Real Estate,906107,2019.0,2701075000.0,1160585000.0,,1160585000.0
VMC,Vulcan Materials Company,Materials,1396009,2023.0,7781900000.0,,,
WRB,W. R. Berkley Corporation,Financials,11544,2025.0,14707856000.0,,-48126000.0,
GWW,W. W. Grainger,Industrials,277135,2025.0,17942000000.0,2495000000.0,330000000.0,2825000000.0
WAB,Wabtec,Industrials,943452,2025.0,11167000000.0,1793000000.0,501000000.0,2294000000.0
WMT,Walmart,Consumer Staples,104169,2026.0,713163000000.0,29825000000.0,14203000000.0,44028000000.0
DIS,Walt Disney Company (The),Communication Services,1744489,2025.0,94425000000.0,17551000000.0,5326000000.0,22877000000.0
WBD,Warner Bros. Discovery,Communication Services,1437107,2025.0,37296000000.0,738000000.0,5684000000.0,6422000000.0
WM,Waste Management,Industrials,823768,2025.0,25204000000.0,4308000000.0,2863000000.0,7171000000.0
WAT,Waters Corporation,Health Care,1000697,2025.0,3165286000.0,802588000.0,,802588000.0
WEC,WEC Energy Group,Utilities,783325,2025.0,9800100000.0,2244900000.0,1478500000.0,3723400000.0
WFC,Wells Fargo,Financials,72971,2019.0,85063000000.0,,7713000000.0,
WELL,Welltower,Real Estate,766704,,,,2084868000.0,
WST,West Pharmaceutical Services,Health Care,105770,2025.0,3074100000.0,584900000.0,171400000.0,756300000.0
WDC,Western Digital,Information Technology,106040,2026.0,12919000000.0,4453000000.0,375000000.0,4828000000.0
WY,Weyerhaeuser,Real Estate,106535,2025.0,6905000000.0,731000000.0,509000000.0,1240000000.0
WSM,"Williams-Sonoma, Inc.",Consumer Discretionary,719955,2026.0,7806816000.0,1415722000.0,231449000.0,1647171000.0
WMB,Williams Companies,Energy,107263,2025.0,11950000000.0,4196000000.0,2347000000.0,6543000000.0
WTW,Willis Towers Watson,Financials,1140536,2025.0,9708000000.0,2234000000.0,171000000.0,2405000000.0
WDAY,"Workday, Inc.",Information Technology,1327811,2026.0,9552000000.0,721000000.0,198111000.0,919111000.0
WYNN,Wynn Resorts,Consumer Discretionary,1174922,2025.0,7137924000.0,1118384000.0,620633000.0,1739017000.0
XEL,Xcel Energy,Utilities,72903,2018.0,11537000000.0,2583000000.0,2968000000.0,5551000000.0
XYL,Xylem Inc.,Industrials,1524472,2025.0,9035000000.0,1223000000.0,575000000.0,1798000000.0
YUM,Yum! Brands,Consumer Discretionary,1041061,2025.0,8214000000.0,2574000000.0,206000000.0,2780000000.0
ZBRA,Zebra Technologies,Information Technology,877212,2025.0,5396000000.0,700000000.0,185000000.0,885000000.0
ZBH,Zimmer Biomet,Health Care,1136869,2025.0,8231500000.0,1098100000.0,1093800000.0,2191900000.0
ZTS,Zoetis,Health Care,1555280,2025.0,9467000000.0,,487000000.0,
