ticker,company,sector,environmental_score,transition_score,governance_score,n_pillars_available,data_confidence_pct,final_score
A,Agilent Technologies,Health Care,52.56710441480878,95.68751769809184,52.17091205077568,3,94.66666666666666,66.8085113878921
AAPL,Apple Inc.,Information Technology,44.31438127090301,78.89866941688972,48.74102029946998,3,87.64285714285714,57.3180236624209
ABBV,AbbVie,Health Care,70.26091825307951,74.94267021274703,55.15262883272936,3,94.64285714285714,66.7854057661853
ABNB,Airbnb,Consumer Discretionary,90.31451241950325,82.40582673346194,55.08310339746981,3,91.0952380952381,75.934480850145
ABT,Abbott Laboratories,Health Care,37.5481522956327,68.09045657814585,69.76537490464865,3,89.04061624649859,58.46799459280906
ACGL,Arch Capital Group,Financials,,62.38105912066206,45.69246611751864,2,76.15546218487397,54.03676261909035
ACN,Accenture,Information Technology,10.769230769230765,75.12586232392435,50.83883097287405,3,87.64285714285714,45.577974688676385
ADBE,Adobe Inc.,Information Technology,66.29240324892498,99.77548045317876,52.25554082789306,3,90.5,72.77447484333226
ADI,Analog Devices,Information Technology,28.30434782608696,82.18347272537187,64.87759254543361,3,98.80952380952381,58.455137698964144
ADM,Archer Daniels Midland,Consumer Staples,9.86133119476437,46.71352103364479,52.16961765234664,3,94.16666666666667,36.2481566269186
ADP,Automatic Data Processing,Industrials,79.34669756776836,63.43300672378306,74.44221329763498,3,91.79487179487178,72.40730586306213
ADSK,Autodesk,Information Technology,66.84185379837554,82.17063367019242,80.06527404956614,3,87.16666666666666,76.35925383937803
AEE,Ameren,Utilities,18.886063880502142,0.0,66.50045560392833,3,92.39926739926739,28.462173161476823
AEP,American Electric Power,Utilities,25.711107579850623,32.86423287429103,48.09855741274146,3,88.80952380952381,35.557965955627694
AES,AES Corporation,Utilities,52.20383759733036,0.0,84.95394597719918,3,86.18326118326118,45.719261191509844
AFL,Aflac,Financials,24.28571428571429,57.11718947538812,80.92369477911646,3,83.53276353276352,54.10886618007295
AIG,American International Group,Financials,60.0,72.13120359297417,53.23783587473628,3,83.47619047619048,61.78967982257014
AIZ,Assurant,Financials,24.28571428571429,68.39277345166366,74.73604139565612,3,77.16666666666666,55.804843044344686
AJG,Arthur J. Gallagher & Co.,Financials,67.95918367346937,56.25419972613362,80.92369477911646,3,83.53276353276352,68.37902605957315
AKAM,Akamai Technologies,Information Technology,22.19302436693741,80.82146009899637,67.10172415911084,3,81.33333333333333,56.705402875014876
ALB,Albemarle Corporation,Materials,50.87089381207028,69.12925282057151,59.54673296755527,3,92.97619047619048,59.84895986673234
ALGN,Align Technology,Health Care,49.312837218772266,79.4743860384489,69.0011501571968,3,81.33333333333333,65.92945780480599
ALL,Allstate,Financials,51.42857142857142,71.2822343629592,40.15147494262191,3,83.47619047619048,54.28742691138417
ALLE,Allegion,Industrials,74.07407407407408,75.22969438379539,60.17268571017249,3,88.83333333333331,69.82548472268064
AMAT,Applied Materials,Information Technology,45.41328236980411,81.01398737411783,69.21737775163038,3,93.47619047619047,65.21488249851744
AMCR,Amcor,Materials,27.27272727272727,60.57528855492622,42.19958892435206,3,87.64285714285714,43.34920158400185
AMD,Advanced Micro Devices,Information Technology,46.5121834687052,81.84119490803246,88.24641113340752,3,87.16666666666666,72.19992983671506
AME,Ametek,Industrials,44.02004635165257,75.46865750380118,63.62657118756119,3,88.83333333333331,61.03842501433831
AMGN,Amgen,Health Care,69.34807764091079,74.95673996920519,54.08592979767826,3,95.83333333333333,66.13024913593141
AMP,Ameriprise Financial,Financials,21.42857142857143,71.90426329434712,49.5831577136846,3,84.66666666666667,47.63866414553438
AMT,American Tower,Real Estate,16.666666666666664,74.90826227257656,54.84859590274706,3,90.5,48.80784161399676
AMZN,Amazon,Consumer Discretionary,71.7017228401773,74.8623081529191,57.515777395295466,3,81.09523809523809,68.02660279613062
ANET,Arista Networks,Information Technology,54.2044911610129,94.7838302354346,77.87550926704216,3,88.83333333333331,75.62127688782988
AON,Aon plc,Financials,,72.0257093654163,58.70633027354082,2,77.0,65.36601981947857
AOS,A. O. Smith,Industrials,41.09502088776701,74.67700186686304,42.88259012324104,3,88.83333333333331,52.88487095929036
APA,APA Corporation,Energy,4.761904761904767,59.91351753353148,58.70147255689424,3,91.73789173789172,41.12563161744349
APD,Air Products,Materials,62.42424242424242,22.410841714671783,39.1677558710738,3,90.60439560439559,41.33428000332933
APH,Amphenol,Information Technology,29.12087912087912,76.11217995468118,56.86259018717106,3,79.66666666666666,54.031883087577114
APO,Apollo Global Management,Financials,60.0,56.929443293744725,69.81258366800535,3,83.53276353276352,62.24734232058336
APP,AppLovin,Communication Services,60.45918367346939,77.06474085697647,54.24066100174792,3,86.45238095238095,63.921528510731264
APTV,Aptiv,Consumer Discretionary,6.25,77.5919730044154,80.91401519752873,3,88.83333333333331,54.918662733981364
ARE,Alexandria Real Estate Equities,Real Estate,73.33333333333334,24.1459433131741,80.22925033467202,3,87.37373737373737,59.23617566039315
ARES,Ares Management,Financials,45.71428571428572,22.61653252214563,53.14591700133868,3,81.81818181818181,40.492245079256676
ATO,Atmos Energy,Utilities,59.69271412680756,46.06793480192018,82.63311001733416,3,93.58974358974356,62.7979196486873
AVGO,Broadcom,Information Technology,65.7123745819398,82.43491076120807,68.02107661695186,3,94.16666666666667,72.05612065336658
AVY,Avery Dennison,Materials,40.0,63.28920775529225,36.239856106239245,3,94.66666666666666,46.50968795384383
AWK,American Water Works,Utilities,80.64516129032258,22.92519664444559,81.72252343085717,3,84.19413919413918,61.76429378854178
AXON,Axon Enterprise,Industrials,77.28006337678185,49.939945904555145,77.0223752151463,3,85.26190476190476,68.0807948321611
AXP,American Express,Financials,60.0,91.53974208380797,60.26282648604476,3,89.30952380952381,70.6008561899509
AZO,AutoZone,Consumer Discretionary,61.08189763318559,74.90726438636753,52.27302634881356,3,83.47619047619048,62.75406278945555
BA,Boeing,Industrials,48.69642893395863,64.05130780834466,58.22352376154694,3,98.80952380952381,56.99042016795007
BAC,Bank of America,Financials,38.57142857142857,58.00721995541691,43.59660865684961,3,83.53276353276352,46.72508572789836
BALL,Ball Corporation,Materials,9.999999999999998,62.95030681481626,44.042838018741634,3,88.83333333333331,38.997714944519295
BAX,Baxter International,Health Care,22.165173572228444,76.8593361136869,78.32709337990796,3,94.16666666666667,59.1172010219411
BBY,Best Buy,Consumer Discretionary,18.29367734381534,74.65902513797283,39.167569051220646,3,84.66666666666667,44.04009051100294
BDX,Becton Dickinson,Health Care,43.43208117004309,77.8012487660238,44.51467154025789,3,87.64285714285714,55.249333825441596
BEN,Franklin Resources,Financials,91.42857142857144,66.85090029422915,56.16458210422384,3,84.66666666666667,71.4813512756748
BF.B,Brown–Forman,Consumer Staples,44.244141480508105,74.26634554688226,54.490463871671786,3,89.99999999999999,57.66698363302071
BG,Bunge Global,Consumer Staples,0.882082363764273,48.34914296785146,82.27042541771576,3,90.96153846153845,43.83388358311049
BIIB,Biogen,Health Care,46.2026875699888,74.9062723013603,83.80808950086059,3,89.99999999999999,68.3056831240699
BKNG,Booking Holdings,Consumer Discretionary,56.81818181818181,93.68717965497672,53.13340525876062,3,90.5,67.87958891063971
BKR,Baker Hughes,Energy,4.761904761904767,69.495993162345,55.4305000234598,3,87.64285714285714,43.229465982569856
BLDR,Builders FirstSource,Industrials,25.201373819681244,71.63760167017311,64.57769809871169,3,84.66666666666667,53.80555786285535
BLK,BlackRock,Financials,48.75,74.30898676103732,47.356924129051485,3,88.80952380952381,56.8053036300296
BMY,Bristol Myers Squibb,Health Care,61.34658454647256,95.56430038275158,72.68727821077651,3,92.5,76.5327210466669
BNY,BNY Mellon,Financials,60.0,62.36849743875557,60.50964158305536,3,84.10364145658265,60.95937967393698
BR,Broadridge Financial Solutions,Industrials,45.0371256070738,98.31930302974746,52.33382509630359,3,89.30952380952381,65.23008457770828
BRK.B,Berkshire Hathaway,Financials,10.535714285714288,70.63412487405957,61.93760152794024,3,86.42857142857143,47.702480229238034
BRO,Brown & Brown,Financials,14.285714285714288,62.3606399710647,58.74971989262948,3,84.10364145658265,45.13202471646949
BSX,Boston Scientific,Health Care,40.832739488954495,93.6618373261081,73.03499713138268,3,89.30952380952381,69.17652464881509
BX,Blackstone Inc.,Financials,61.25,62.44521154750248,33.775209611562246,3,85.29411764705883,52.4901403863549
BXP,"BXP, Inc.",Real Estate,16.666666666666664,61.37723581242065,81.8875502008032,3,75.38461538461537,53.310484226630166
C,Citigroup,Financials,60.0,57.34219927579593,72.89883821340568,3,77.88461538461537,63.4136791630672
CAH,Cardinal Health,Health Care,7.105772167362309,73.6427258789609,47.92268266230561,3,89.30952380952381,42.89039356954294
CARR,Carrier Global,Industrials,16.072755364637924,87.5492992599307,59.78170624941859,3,93.47619047619047,54.46792029132907
CASY,Casey's,Consumer Staples,50.0,62.74314165523055,76.63031659733117,3,85.29411764705883,63.12448608418723
CAT,Caterpillar Inc.,Industrials,54.29673842183739,76.12835554527945,76.03953931623613,3,86.66666666666666,68.82154442778432
CB,Chubb Limited,Financials,,22.61653252214563,88.55421686746986,2,72.72727272727272,55.58537469480775
CBOE,Cboe Global Markets,Financials,42.24489795918367,72.5799614642413,58.03117684006167,3,83.47619047619048,57.61867875449554
CBRE,CBRE Group,Real Estate,26.524064171123,99.3185369033813,61.82104730767147,3,89.30952380952381,62.554549460725255
CCI,Crown Castle,Real Estate,45.24064171122995,74.90809872410298,88.55421686746986,3,74.66666666666666,69.56765243426759
CCL,Carnival Corporation,Consumer Discretionary,35.40028853391319,74.92114558520177,83.5158817086528,3,84.66666666666667,64.61243860925592
CDNS,Cadence Design Systems,Information Technology,49.275362318840585,93.48188111869528,56.77145918098339,3,89.30952380952381,66.50956753950642
CDW,CDW Corporation,Information Technology,27.90253225035833,74.15935251882833,55.43199639804499,3,90.5,52.497960389077214
CEG,Constellation Energy,Utilities,73.0494199904656,55.88075103457149,75.85075635004162,3,85.83333333333333,68.26030912502623
CF,CF Industries,Materials,34.22077922077922,37.78941898030407,58.460677241339454,3,82.5,43.49029181414092
CFG,Citizens Financial Group,Financials,9.999999999999998,57.8997554707325,88.55421686746986,3,75.38461538461537,52.151324112734116
CHD,Church & Dwight,Consumer Staples,58.36236403485037,74.93028736929088,70.79256804317575,3,87.99999999999999,68.028406482439
CHRW,C.H. Robinson,Industrials,39.74358974358975,69.73252641945354,52.70274257030083,3,82.28571428571428,54.05961957778136
CHTR,Charter Communications,Communication Services,14.28571428571429,74.9964571435746,65.83193829217409,3,82.28571428571428,51.70470324048766
CI,Cigna,Health Care,28.99996606603549,60.8871056886783,81.8875502008032,3,75.38461538461537,57.25820731850566
CIEN,Ciena,Information Technology,34.66316292403249,80.82582216322902,81.48659956323195,3,87.99999999999999,65.65852821683114
CINF,Cincinnati Financial,Financials,2.857142857142858,72.33477199451372,52.97475616752725,3,83.47619047619048,42.72222367306127
CL,Colgate-Palmolive,Consumer Staples,79.81661615888306,87.6368959986618,45.95672409263221,3,93.47619047619047,71.13674541672569
CLX,Clorox,Consumer Staples,66.72472806970075,74.40462740932617,63.16217812426176,3,87.16666666666666,68.0971778677629
CMCSA,Comcast,Communication Services,9.523809523809524,74.9955338443682,51.65068343559442,3,90.5,45.39000893459071
CME,CME Group,Financials,51.42857142857142,73.50682663641481,45.621991085395805,3,83.47619047619048,56.85246305012734
CMG,Chipotle Mexican Grill,Consumer Discretionary,74.99999999999999,74.89720141798352,71.8035013957946,3,83.0,73.90023427125936
CMI,Cummins,Industrials,13.465105865796714,74.94161748225662,49.04877382421853,3,94.66666666666666,45.81849905742395
CMS,CMS Energy,Utilities,30.619670003707828,0.0,80.59380378657487,3,92.39926739926739,37.07115793009423
CNC,Centene Corporation,Health Care,56.57470562285792,63.18737033146794,74.0778157488477,3,84.10364145658265,64.61329723439118
CNP,CenterPoint Energy,Utilities,58.87374860956619,37.8906511580727,65.6836119538509,3,92.39926739926739,54.14933724049659
COF,Capital One,Financials,48.57142857142858,70.02696876771557,59.58264825227183,3,84.66666666666667,59.39368186380532
COHR,Coherent Corp.,Information Technology,25.991399904443377,79.31927444529495,82.97475616752725,3,87.64285714285714,62.76181017242186
COIN,Coinbase,Financials,60.0,68.01841344832675,64.77405380580785,3,89.4139194139194,64.2641557513782
COO,Cooper Companies (The),Health Care,65.3330618616173,77.01700216846643,75.17365100374475,3,87.64285714285714,72.50790501127616
COP,ConocoPhillips,Energy,58.53741496598639,74.05341320427745,47.229703171183374,3,94.16666666666667,59.94017711381573
COR,Cencora,Health Care,20.73365231259968,73.39616663737243,60.36536893411054,3,89.30952380952381,51.49839596136088
COST,Costco,Consumer Staples,35.67208046972239,69.88357254131472,41.66422713888439,3,81.09523809523809,49.07329338330716
CPAY,Corpay,Financials,24.28571428571429,73.23580098482196,47.40720935791832,3,83.47619047619048,48.30957487615152
CPRT,Copart,Industrials,28.205128205128204,74.07959137497622,49.16810097532989,3,81.09523809523809,50.484273518478105
CPT,Camden Property Trust,Real Estate,21.176470588235297,24.1459433131741,69.81258366800535,3,85.52188552188552,38.37833252313824
CRH,CRH plc,Materials,68.18181818181819,65.8691853391212,69.76212134472294,3,83.47619047619048,67.9377082885541
CRL,Charles River Laboratories,Health Care,15.789473684210533,74.81556631157395,65.52102936572129,3,89.30952380952381,52.04202312050192
CRM,Salesforce,Information Technology,61.34734830387004,81.86694973138823,74.34416529865248,3,81.33333333333333,72.51948777797024
CRWD,CrowdStrike,Information Technology,36.40707118967988,74.17796411685018,83.08232931726909,3,95.83333333333333,64.55578820793303
CSCO,Cisco,Information Technology,54.75394171046344,82.13652028527977,72.68343934877394,3,81.33333333333333,69.85796711483904
CSGP,CoStar Group,Real Estate,68.12834224598932,93.05482993466684,67.59286215493945,3,83.0,76.25867811186521
CSX,CSX Corporation,Industrials,35.73180992870112,74.08242286321337,64.5460943802317,3,83.47619047619048,58.12010905738205
CTAS,Cintas,Industrials,61.34557568063613,73.74142412816848,31.62957481092522,3,81.09523809523809,55.57219153990994
CTSH,Cognizant,Information Technology,43.47826086956522,74.5779054330794,49.39872470045888,3,83.47619047619048,55.818297001034495
CTVA,Corteva,Materials,79.75553857906799,77.82843472824656,51.637847628199225,3,94.16666666666667,69.74060697850459
CVNA,Carvana,Consumer Discretionary,18.83232625240445,74.79647294267156,72.89156626506023,3,81.09523809523809,55.506788486712075
CVS,CVS Health,Health Care,19.145542773762266,92.94278315344276,68.25979007192221,3,89.30952380952381,60.116038666375744
CVX,Chevron Corporation,Energy,45.68027210884354,61.97014180057419,66.9220492900152,3,90.23109243697478,58.19082106647764
D,Dominion Energy,Utilities,53.01128237724456,6.965319652087361,71.6514543020567,3,84.70085470085469,43.87601877712954
DAL,Delta Air Lines,Industrials,22.95105264226404,73.7266908778893,54.31156469886637,3,89.99999999999999,50.3297694063399
DASH,DoorDash,Consumer Discretionary,74.99999999999999,80.04469454980874,77.0223752151463,3,85.26190476190476,77.35568992165167
DD,DuPont,Industrials,37.88140472078296,73.72951842633475,34.82533932422894,3,87.64285714285714,48.81208749044888
DDOG,Datadog,Information Technology,59.65121834687052,50.43956600508079,82.97475616752725,3,87.64285714285714,64.35518017315951
DE,Deere & Company,Industrials,90.9756988854376,77.27024426852489,80.47217972825595,3,95.83333333333333,82.90604096073947
DECK,Deckers Brands,Consumer Discretionary,75.0,75.54647942294284,64.53952824962309,3,90.49999999999999,71.6953358908553
DELL,Dell Technologies,Information Technology,10.03344481605351,93.13890428221345,66.69790575344858,3,94.66666666666666,56.623418283905174
DG,Dollar General,Consumer Staples,32.03924048920396,71.81840458414545,40.956013046623326,3,83.47619047619048,48.27121937332424
DGX,Quest Diagnostics,Health Care,37.62937323967559,74.88992008291271,43.28747467165803,3,84.66666666666667,51.93558933141544
DHI,D. R. Horton,Consumer Discretionary,19.11824663377101,74.86421547442353,63.987106428227,3,78.0,52.656522845473845
DHR,Danaher Corporation,Health Care,55.25128100716008,91.29792491307748,66.65885480698303,3,93.47619047619047,71.0693535757402
DIS,Walt Disney Company (The),Communication Services,31.42857142857143,74.96855251065085,66.38258917391958,3,94.64285714285714,57.59323770438061
DLR,Digital Realty,Real Estate,30.000000000000004,61.34901180244231,48.61892012494423,3,85.38461538461537,46.65597730912884
DLTR,Dollar Tree,Consumer Staples,48.694294875263815,72.84935475191617,53.28196775597115,3,83.47619047619048,58.27520579438371
DOC,Healthpeak Properties,Real Estate,18.074866310160427,63.18386551098291,49.40214228543673,3,92.68207282913164,43.55362470219335
DOV,Dover Corporation,Industrials,65.12899241742073,74.52501359847182,62.914683810657415,3,87.99999999999999,67.52289660884999
DOW,Dow Inc.,Materials,11.00840336134454,10.440819151803922,81.8220937415573,3,90.25641025641025,34.42377208490192
DPZ,Domino's,Consumer Discretionary,31.167673747595558,74.90452599259177,58.04327651947015,3,83.47619047619048,54.70515875321915
DRI,Darden Restaurants,Consumer Discretionary,15.909090909090908,74.87877912403054,64.11627536951246,3,84.66666666666667,51.634715134211305
DTE,DTE Energy,Utilities,41.31574765612585,0.0,32.70174715957849,3,93.58974358974356,24.672498271901446
DUK,Duke Energy,Utilities,37.40664230096934,5.350493336473691,51.33196440773433,3,92.39926739926739,31.363033348392452
DVA,DaVita,Health Care,8.771929824561408,74.89313812164275,55.794624735791714,3,89.30952380952381,46.486564227331954
DVN,Devon Energy,Energy,90.2164502164502,74.26912623886763,72.87318299906923,3,82.5,79.11958648479569
DXCM,Dexcom,Health Care,59.5303539312498,81.33791312900512,70.76557877306338,3,87.64285714285714,70.54461527777276
EBAY,eBay Inc.,Consumer Discretionary,83.75114995400183,95.43436801865246,66.61372445203227,3,94.66666666666666,81.93308080822885
ECHO,EchoStar,Communication Services,0.0,24.929064552725723,68.27860863745718,3,96.42857142857142,31.069224396727634
ECL,Ecolab,Materials,70.9090909090909,80.33792280297934,62.27536080785791,3,87.99999999999999,71.17412483997605
ED,Consolidated Edison,Utilities,79.87446368981408,44.29883484157722,61.874083213630165,3,98.80952380952381,62.01579391500715
EFX,Equifax,Industrials,43.58974358974359,73.82889512083665,58.56639752651344,3,90.5,58.66167874569789
EG,Everest Group,Financials,,22.61653252214563,62.40517626059793,2,78.28282828282829,42.51085439137178
EIX,Edison International,Utilities,85.46003495947878,48.17982441581651,67.48714954068012,3,92.39926739926739,67.04233630532514
EL,Estée Lauder Companies (The),Consumer Staples,88.5677661128849,42.68203861690144,69.15384931873196,3,89.30952380952381,66.80121801617275
ELV,Elevance Health,Health Care,51.86127795310326,74.5563940457038,55.74516433079256,3,90.5,60.72094544319987
EME,Emcor,Industrials,23.228476250928757,72.04714681474104,62.45414727019487,3,76.33333333333333,52.576590111954886
EMR,Emerson Electric,Industrials,60.94282804127365,93.2857402740424,56.93471925975656,3,93.47619047619047,70.3877625250242
EOG,EOG Resources,Energy,66.32034632034632,60.18084773308367,34.33734939759036,3,91.73789173789172,53.612847817006774
EQIX,Equinix,Real Estate,62.45989304812835,90.19690528576392,53.79543609356,3,84.19413919413918,68.81741147581742
EQT,EQT Corporation,Energy,77.89115646258504,74.11174539611855,82.77839079166583,3,82.5,78.26043088345648
ERIE,Erie Indemnity,Financials,34.285714285714285,71.14940331426837,48.46677386823917,3,84.66666666666667,51.30063048940727
ES,Eversource Energy,Utilities,82.89369140314633,48.85419648397021,76.21227588929287,3,89.4230769230769,69.32005459213647
ESS,Essex Property Trust,Real Estate,73.33333333333334,61.41599476026805,88.18384649709951,3,76.49572649572649,74.31105819690029
ETN,Eaton Corporation,Industrials,48.14814814814815,74.90523542801705,40.80706266374381,3,87.64285714285714,54.62014874663633
ETR,Entergy,Utilities,22.779278563483235,0.0,53.308146062619045,3,92.39926739926739,25.362474875367425
EVRG,Evergy,Utilities,3.3688225011917963,0.0,62.3825465245986,3,92.39926739926739,21.9171230085968
EW,Edwards Lifesciences,Health Care,82.7411856527198,82.40806127029433,52.54141919574701,3,93.47619047619047,72.56355537292038
EXC,Exelon,Utilities,89.71873510249483,48.89336166533956,60.55881886929318,3,92.39926739926739,66.39030521237585
EXE,Expand Energy,Energy,76.19047619047619,72.27390131913451,85.41038633846688,3,75.49999999999999,77.95825461602585
EXPD,Expeditors International,Industrials,96.15384615384616,71.97498963828717,62.84642579613118,3,77.16666666666666,76.99175386275483
EXPE,Expedia Group,Consumer Discretionary,93.1818181818182,74.89512580551971,54.3622766929788,3,89.30952380952381,74.1464068934389
EXR,Extra Space Storage,Real Estate,18.395721925133685,74.9054153124263,54.14158978646267,3,84.66666666666667,49.147575674674215
F,Ford Motor Company,Consumer Discretionary,26.363218198544786,77.02150117209925,64.62994430628976,3,92.97619047619048,56.00488789231126
FANG,Diamondback Energy,Energy,4.761904761904767,57.51911506768204,88.55421686746986,3,79.82905982905982,50.278412232352224
FAST,Fastenal,Industrials,63.35931387744859,73.4940056985703,47.67011483047295,3,82.28571428571428,61.50781146883061
FCX,Freeport-McMoRan,Materials,67.1886936592819,73.29767000934714,80.79047411222435,3,89.99999999999999,73.75894592695113
FDS,FactSet,Financials,40.81632653061224,79.29349474948118,68.83420308031602,3,87.64285714285714,62.98134145346981
FDX,FedEx,Industrials,80.48403525087463,72.0613217937437,66.98079321803017,3,84.66666666666667,73.17538342088284
FDXF,FedEx Freight,Industrials,58.67056374828395,57.714048221228495,47.190636080622255,3,85.38461538461537,54.52508268337823
FE,FirstEnergy,Utilities,46.34779384501298,6.362546326339006,74.25125627989522,3,92.39926739926739,42.32053215041573
FERG,Ferguson Enterprises,Industrials,38.44284034266764,71.81395493837395,43.21520953421691,3,83.47619047619048,51.157334938419496
FFIV,"F5, Inc.",Information Technology,93.35881509794552,82.20060766886147,79.84858959225156,3,87.16666666666666,85.13600411968618
FICO,Fair Isaac,Information Technology,33.34925943621595,79.53013696268107,44.48878106844148,3,87.64285714285714,52.4560591557795
FIS,Fidelity National Information Services,Financials,8.16326530612245,72.57108877525394,63.00263709413085,3,77.16666666666666,47.91233039183574
FISV,Fiserv,Financials,1.4285714285714235,72.92789809829429,87.73666092943202,3,83.47619047619048,54.031043485432576
FITB,Fifth Third Bancorp,Financials,2.857142857142858,72.79260442370452,54.05959855518654,3,83.47619047619048,43.2364486120113
FIX,Comfort Systems USA,Industrials,18.46882088678289,72.90784309430089,57.460390643269406,3,83.47619047619048,49.612351541451055
FLEX,Flex Ltd.,Information Technology,8.934543717152412,73.88227106169914,75.8949834425421,3,78.0,52.903932740464555
FOX,Fox Corporation (Class B),Communication Services,19.047619047619047,74.99377080841407,59.37400989887053,3,83.47619047619048,51.13846658496788
FRT,Federal Realty Investment Trust,Real Estate,50.0,61.412124216035615,69.81258366800535,3,83.53276353276352,60.408235961346975
FSLR,First Solar,Information Technology,25.17916865742953,90.13631311710031,80.59380378657487,3,93.47619047619047,65.3030951870349
FTNT,Fortinet,Information Technology,62.9956999522217,80.73410352419725,59.40812367031639,3,93.47619047619047,67.71264238224511
FTV,Fortive,Industrials,93.56440271811604,76.87799425515625,58.31808521500805,3,87.64285714285714,76.25349406276011
GD,General Dynamics,Industrials,71.7948717948718,72.39442131090111,50.61343131298417,3,84.66666666666667,64.93424147291901
GDDY,GoDaddy,Information Technology,24.637681159420293,74.67551243124468,45.40453432802259,3,83.47619047619048,48.23924263956252
GE,GE Aerospace,Industrials,7.692307692307688,75.29691735453352,58.38164074985061,3,81.33333333333333,47.123621932230606
GEHC,GE HealthCare,Health Care,57.89473684210527,87.00086355652758,88.12553303943591,3,92.5,77.67371114602292
GEN,Gen Digital,Information Technology,46.0582895365504,78.90263138323093,63.20092070741728,3,87.64285714285714,62.720613875732866
GEV,GE Vernova,Industrials,11.980327610724846,68.85493058478596,76.61351920460075,3,81.33333333333333,52.48292580003718
GILD,Gilead Sciences,Health Care,83.9017272387933,74.93219842850212,54.72467787891628,3,90.5,71.18620118207056
GIS,General Mills,Consumer Staples,45.95000450903095,92.6857935425118,42.539741307067935,3,98.80952380952381,60.391846452870226
GL,Globe Life,Financials,18.571428571428573,71.45006993227133,56.60872794134873,3,83.47619047619048,48.87674214834954
GLW,Corning Inc.,Information Technology,34.21739130434782,64.6480413528526,88.55421686746986,3,89.99999999999999,62.47321650822343
GM,General Motors,Consumer Discretionary,32.4594118507987,74.73705529736924,50.95119665093776,3,94.64285714285714,52.71588793303523
GNRC,Generac,Industrials,38.40199971460766,75.1765719568991,78.31024687192077,3,87.64285714285714,63.96293951447584
GOOGL,Alphabet Inc. (Class A),Communication Services,42.94642857142858,82.49919038299208,78.1762498581612,3,92.97619047619048,67.87395627086062
GPC,Genuine Parts Company,Consumer Discretionary,34.28979886259096,74.27507129362539,53.98028684320474,3,84.66666666666667,54.181718999807025
GPN,Global Payments,Financials,43.87755102040816,72.80513027032498,62.79904243771082,3,83.47619047619048,59.82724124281465
GRMN,Garmin,Consumer Discretionary,78.125,74.24162575000031,75.8610032906802,3,82.25490196078431,76.0758763468935
GS,Goldman Sachs,Financials,73.75,60.70660062541476,55.21457664855376,3,93.58974358974356,63.223725757989506
GWW,W. W. Grainger,Industrials,63.78248183084107,72.9363057766696,62.84887794738674,3,84.66666666666667,66.5225551849658
HAL,Halliburton,Energy,71.77489177489177,75.12202320881201,65.43427477983296,3,86.66666666666666,70.77706325451224
HAS,Hasbro,Consumer Discretionary,66.9968428535586,91.09324469578392,44.49876316021668,3,93.47619047619047,67.5296169031864
HBAN,Huntington Bancshares,Financials,12.857142857142856,74.17214915091138,60.13787673490314,3,83.47619047619048,49.05572291431912
HCA,HCA Healthcare,Health Care,43.85964912280702,74.88084514654838,42.65077244240552,3,81.09523809523809,53.7970889039203
HD,Home Depot (The),Consumer Discretionary,27.72643639708957,74.87026555610005,62.26264153443998,3,89.30952380952381,54.953114495876534
HIG,Hartford (The),Financials,41.42857142857142,70.97305290344539,47.41980186257294,3,83.47619047619048,53.27380873152992
HII,Huntington Ingalls Industries,Industrials,45.96625860283818,74.53645072341371,60.35314358304951,3,86.66666666666666,60.28528430310046
HLT,Hilton Worldwide,Consumer Discretionary,59.09090909090908,74.9142033946969,53.07524820322069,3,81.09523809523809,62.36012022960888
HON,Honeywell Technologies,Industrials,50.45564363353655,76.0657327507455,73.71885747206827,3,81.33333333333333,66.74674461878344
HONA,Honeywell Aerospace,Industrials,51.28205128205128,23.53979172002903,16.465863453815267,3,87.37373737373737,30.42923548529852
HOOD,Robinhood Markets,Financials,91.42857142857144,64.86654082487733,65.22562948982915,3,88.22344322344323,73.8402472477593
HPE,Hewlett Packard Enterprise,Information Technology,13.043478260869568,95.03146888509367,80.65196883037768,3,87.99999999999999,62.90897199211364
HPQ,HP Inc.,Information Technology,33.87482083134257,92.97034354429744,61.12541298197716,3,94.66666666666666,62.65685911920572
HRL,Hormel Foods,Consumer Staples,32.54521913890392,74.5559814455231,35.58542143795817,3,98.80952380952381,47.56220734079506
HSIC,Henry Schein,Health Care,40.45607248294818,93.48414423286413,57.04187543181537,3,89.30952380952381,63.66069738254255
HST,Host Hotels & Resorts,Real Estate,50.0,61.27208057783619,80.92369477911646,3,83.53276353276352,64.06525845231755
HSY,Hershey Company (The),Consumer Staples,39.484685318469616,73.7170266368355,63.53509694916297,3,93.47619047619047,58.91226963482269
HUBB,Hubbell Incorporated,Industrials,43.426135049623824,73.59521084992662,59.12807535557414,3,84.66666666666667,58.716473751708186
HUM,Humana,Health Care,0.0,74.16608431262844,62.18209127548348,3,83.47619047619048,45.44939186270397
HWM,Howmet Aerospace,Industrials,32.48858030330715,74.63293891162049,47.25512695037855,3,94.16666666666667,51.45888205510206
IBKR,Interactive Brokers,Financials,41.42857142857142,60.22965693320207,64.25702811244979,3,79.82905982905982,55.30508549140776
IBM,IBM,Information Technology,54.678929765886274,72.20254073986662,77.38518947815334,3,91.42156862745097,68.08888666130207
ICE,Intercontinental Exchange,Financials,24.28571428571429,73.2113331242541,51.416829966743904,3,84.66666666666667,49.63795912557076
IDXX,Idexx Laboratories,Health Care,67.86792901014624,77.85160893254854,55.68839407499734,3,87.64285714285714,67.1359773392307
IEX,IDEX Corporation,Industrials,73.20805593689876,74.63586099123825,52.91222610499718,3,87.64285714285714,66.91871434437806
IFF,International Flavors & Fragrances,Materials,74.68678380443086,73.1645354020051,52.38789658427866,3,98.80952380952381,66.74640526357153
INCY,Incyte,Health Care,70.56567918829957,82.42640292119268,87.73666092943202,3,87.64285714285714,80.24291434630808
INTC,Intel,Information Technology,31.63545150501672,46.799132156891375,68.12053408438952,3,100.0,48.85170591543253
INTU,Intuit,Information Technology,49.275362318840585,99.72799720628416,67.44922572015543,3,93.47619047619047,72.15086174842672
INVH,Invitation Homes,Real Estate,30.000000000000004,60.134844304749,58.70147255689424,3,83.53276353276352,49.612105620547744
IP,International Paper,Materials,36.88693659281895,49.25411916987512,52.59622237038629,3,92.39926739926739,46.245759377693446
IQV,IQVIA,Health Care,52.63157894736843,93.64476822641504,63.68220969577125,3,89.30952380952381,69.9861856231849
IR,Ingersoll Rand,Industrials,65.26726008591294,87.36113058917893,58.88934451575413,3,93.47619047619047,70.505911730282
IRM,Iron Mountain,Real Estate,93.33333333333331,90.15058884627712,49.75546058632684,3,85.38461538461537,77.7464609219791
ISRG,Intuitive Surgical,Health Care,66.4936034476908,81.44001818735092,63.20697782708017,3,87.64285714285714,70.38019982070729
IT,Gartner,Information Technology,45.6043956043956,60.91029594522381,73.51628737170904,3,83.53276353276352,60.01032630710948
ITW,Illinois Tool Works,Industrials,79.87952079005127,75.68128787849261,58.45023342782728,3,92.97619047619048,71.33701403212372
IVZ,Invesco,Financials,24.28571428571429,62.35753557858717,65.01699552825107,3,77.79411764705883,50.55341513085084
J,Jacobs Solutions,Industrials,19.81533147336256,71.1629944321403,54.89113620671685,3,83.47619047619048,48.623154037406564
JBHT,J.B. Hunt,Industrials,55.4461715601612,72.6081803939087,66.32132218180175,3,83.47619047619048,64.79189137862387
JBL,Jabil,Information Technology,5.590062111801245,73.88993329162703,62.83936867919859,3,88.83333333333331,47.43978802754229
JCI,Johnson Controls,Industrials,53.36785654432713,75.21418325126461,52.98961358262677,3,87.5,60.52388445940617
JKHY,Jack Henry & Associates,Financials,4.285714285714285,75.50753988519725,62.728116792626885,3,88.83333333333331,47.5071236545128
JNJ,Johnson & Johnson,Health Care,62.00074654721912,74.99999050845463,68.56772601697409,3,87.16666666666666,68.52282102421594
JPM,JPMorgan Chase,Financials,60.0,58.56800790463394,80.92369477911646,3,83.53276353276352,66.4972342279168
KDP,Keurig Dr Pepper,Consumer Staples,56.4936887818605,73.96424175378078,62.56612439525912,3,94.66666666666666,64.34135164363346
KEY,KeyCorp,Financials,2.857142857142858,72.45970181080791,48.17101554983314,3,83.47619047619048,41.162620072594635
KEYS,Keysight Technologies,Information Technology,53.65504061156235,82.11515866326259,60.57587190596048,3,94.66666666666666,65.44869039359514
KHC,Kraft Heinz,Consumer Staples,61.044066115276586,82.74855753760994,60.94435342824965,3,93.33333333333333,68.24565902704539
KIM,Kimco Realty,Real Estate,63.33333333333333,74.90813756199336,44.46172024369453,3,84.66666666666667,60.90106371300707
KKR,KKR & Co.,Financials,55.0,60.665042283906274,47.59036144578312,3,88.034188034188,54.418467909896464
KLAC,KLA Corporation,Information Technology,52.55613951266125,80.37476742959609,59.48617281032766,3,87.16666666666666,64.139026584195
KMB,Kimberly-Clark,Consumer Staples,21.972990904640437,73.60288057952698,44.39896975783248,3,98.80952380952381,46.65828041399996
KMI,Kinder Morgan,Energy,13.537414965986397,64.65295092941788,41.08448974324556,3,89.99999999999999,39.75828521288328
KO,Coca-Cola Company (The),Consumer Staples,72.72512040694843,74.04656039640696,70.53624785297416,3,76.33333333333333,72.43597621877652
KR,Kroger,Consumer Staples,5.882352941176472,68.34838672694943,58.70838239366931,3,77.16666666666666,44.313040687265065
KVUE,Kenvue,Consumer Staples,75.86466394285405,74.91253064904146,56.49513205981965,3,93.47619047619047,69.09077555057172
L,Loews Corporation,Financials,42.5,70.06994357684681,66.41247363447228,3,86.42857142857143,59.66080573710636
LDOS,Leidos,Industrials,23.631223890291253,73.28878986451724,67.31531261482527,3,88.83333333333331,54.74510878987792
LEN,Lennar,Consumer Discretionary,15.909090909090908,74.23981456600585,54.69785775912938,3,83.47619047619048,48.28225441140871
LH,Labcorp,Health Care,28.565611320370568,74.86141458639553,47.12974802613486,3,90.5,50.185591310966984
LHX,L3Harris,Industrials,21.45879771095661,72.97316823204142,45.14541149569777,3,83.47619047619048,46.52579247956527
LII,Lennox International,Industrials,29.240905579420254,74.51575965488206,61.06592425869535,3,93.47619047619047,54.94086316433255
LIN,Linde plc,Materials,17.647058823529417,68.96529909120304,67.08812070210864,3,92.97619047619048,51.233492872280365
LITE,Lumentum,Information Technology,49.275362318840585,99.59307587789698,86.4156626506024,3,84.29487179487178,78.42803361577998
LLY,Lilly (Eli),Health Care,48.37965319488276,69.93849163978933,81.60977242302543,3,82.9059829059829,66.64263908589918
LMT,Lockheed Martin,Industrials,53.88646396564053,76.03259678893181,46.6299466050002,3,92.97619047619048,58.84966911985751
LNT,Alliant Energy,Utilities,14.403503893214683,0.0,64.1705761414021,3,92.39926739926739,26.191360011538922
LOW,Lowe's,Consumer Discretionary,36.04870577904157,74.86526619537105,44.25209307019156,3,84.66666666666667,51.72202168153472
LRCX,Lam Research,Information Technology,45.96273291925466,80.43235780811392,76.02723318449863,3,87.16666666666666,67.4741079706224
LULU,Lululemon Athletica,Consumer Discretionary,71.875,74.91296298691626,57.9577226629099,3,83.47619047619048,68.24856188327539
LUV,Southwest Airlines,Industrials,14.967893361675744,55.32658869810809,54.71714575943659,3,84.19413919413918,41.670542606406805
LVS,Las Vegas Sands,Consumer Discretionary,47.72727272727273,75.96619547367717,56.31732252324271,3,91.0952380952381,60.003596908064196
LYB,LyondellBasell,Materials,21.12299465240641,36.443118772690895,58.05553957473523,3,86.66666666666666,38.54055099994417
LYV,Live Nation Entertainment,Communication Services,52.38095238095239,74.98113119298971,69.10513088172152,3,81.09523809523809,65.4890714852212
MA,Mastercard,Financials,60.0,73.41930597151129,52.86416300256592,3,90.5,62.094489658025736
MAA,Mid-America Apartment Communities,Real Estate,46.66666666666666,61.31741137157377,64.25702811244979,3,79.82905982905982,57.41370205023007
MAR,Marriott International,Consumer Discretionary,63.63636363636363,93.63109477090048,56.689495200310425,3,89.30952380952381,71.31898453585818
MAS,Masco,Industrials,33.22754134498521,73.23027703799008,39.30375637889906,3,84.66666666666667,48.58719158729144
MCD,McDonald's,Consumer Discretionary,65.90909090909092,93.70047934783818,50.22244853151625,3,90.5,69.94400626281511
MCHP,Microchip Technology,Information Technology,24.16387959866221,79.81397210595551,68.58626082302371,3,88.33333333333333,57.52137084254714
MCK,McKesson Corporation,Health Care,16.312056737588655,73.85782040676887,54.49479501736672,3,90.5,48.22155738724141
MCO,Moody's Corporation,Financials,68.57142857142857,91.92601276441036,49.29973718499119,3,89.30952380952381,69.9323928402767
MDLZ,Mondelez International,Consumer Staples,65.51042230295533,88.43739103398246,61.175830521860654,3,98.80952380952381,71.70788128626614
MDT,Medtronic,Health Care,48.93617021276596,74.91423772752657,43.71385119158823,3,83.47619047619048,55.85475304396025
MET,MetLife,Financials,60.0,48.69012539858363,69.81258366800535,3,83.53276353276352,59.500903022196326
META,Meta Platforms,Communication Services,55.99489795918368,82.49737809403592,78.94008979467529,3,88.83333333333331,72.47745528263162
MGM,MGM Resorts,Consumer Discretionary,11.01138776298012,74.62458001042376,45.57717567516833,3,88.80952380952381,43.7377144828574
MKC,McCormick & Company,Consumer Staples,52.64624709129282,91.88716410641702,65.86973750167141,3,93.47619047619047,70.13438289979374
MLM,Martin Marietta Materials,Materials,30.244461420932005,60.46259300005532,56.85744944801806,3,95.83333333333333,49.18816795633512
MMM,3M,Industrials,32.56315515222879,74.91933941867723,47.2589824761707,3,98.14814814814814,51.58049234902557
MNST,Monster Beverage,Consumer Staples,79.8514530007035,74.06748184267747,72.04648134752595,3,83.47619047619048,75.32180539696897
MO,Altria,Consumer Staples,76.11944745046507,88.31173067889924,49.84730652562295,3,100.0,71.42616155166242
MOS,Mosaic Company (The),Materials,41.74560733384263,51.33492557973528,77.14075107602014,3,86.08974358974358,56.740427996532674
MPC,Marathon Petroleum,Energy,27.857142857142858,64.53827493813736,46.88951330773735,3,87.61904761904762,46.42831036767252
MPWR,Monolithic Power Systems,Information Technology,78.52365026278069,74.70135113240549,75.69540413222775,3,77.16666666666666,76.30680184247132
MRK,Merck & Co.,Health Care,39.20679357969392,74.23735810800481,59.26816612095045,3,91.42156862745097,57.57077260288306
MRNA,Moderna,Health Care,23.42461569785198,86.69914039441555,72.51151328102547,3,98.80952380952381,60.878423124430995
MRSH,Marsh McLennan,Financials,60.0,90.60260657512556,47.476433900089546,3,89.30952380952381,66.0263468250717
MRVL,Marvell Technology,Information Technology,47.061634018155765,81.43396452825758,79.40796129216835,3,87.16666666666666,69.30118661286056
MS,Morgan Stanley,Financials,67.5,60.703875116383706,77.10843373493977,3,83.58974358974358,68.43743628377449
MSCI,MSCI,Financials,60.0,89.2619474211136,54.40039246259301,3,93.47619047619047,67.8874466279022
MSFT,Microsoft,Information Technology,86.21595795508838,80.58432683470866,64.1542606691787,3,88.83333333333331,76.98484848632525
MSI,Motorola Solutions,Information Technology,41.08934543717152,78.86253732754226,76.00852036635473,3,82.16666666666666,65.32013437702282
MTB,M&T Bank,Financials,60.0,74.20049124407512,68.10610110807733,3,77.16666666666666,67.43553078405081
MTD,Mettler Toledo,Health Care,10.526315789473683,66.85237119034285,68.34063363999954,3,83.92156862745097,48.573106873272025
MU,Micron Technology,Information Technology,63.545150501672246,79.89566701033387,67.14653051063209,3,94.16666666666667,70.19578267421272
NCLH,Norwegian Cruise Line Holdings,Consumer Discretionary,21.1796698586602,61.425633303959486,87.73666092943202,3,81.81318681318682,56.78065469735057
NDAQ,"Nasdaq, Inc.",Financials,55.71428571428571,91.07375385632258,55.74973770430919,3,90.5,67.5125924249725
NDSN,Nordson Corporation,Industrials,64.03859685379547,75.0013327482942,47.49119594245313,3,87.64285714285714,62.177041848180934
NEE,NextEra Energy,Utilities,41.40314635309073,21.13005579873693,68.39692101740293,3,84.70085470085469,43.64337438974353
NEM,Newmont,Materials,63.17647058823529,73.8731351240919,78.52231923154038,3,95.83333333333333,71.85730831462251
NFLX,Netflix,Communication Services,38.13775510204081,78.74856911364901,45.111415629137255,3,93.47619047619047,53.99924661494236
NI,NiSource,Utilities,39.90147783251231,32.745893123826455,87.41288545979128,3,89.4230769230769,53.353418805376684
NKE,"Nike, Inc.",Consumer Discretionary,62.26896378690307,74.81007386119511,54.80714065051414,3,89.30952380952381,63.962059432870774
NOC,Northrop Grumman,Industrials,56.79761252207808,75.95420649262854,31.22914742930016,3,86.66666666666666,54.660322148002265
NOW,ServiceNow,Information Technology,60.797897754419495,82.08469219827042,68.99989311009539,3,93.47619047619047,70.62749435426176
NRG,NRG Energy,Utilities,53.63896392817417,30.535571997813317,64.36224157697363,3,82.5,49.51225916765371
NSC,Norfolk Southern,Industrials,48.25074177405784,74.17070466350114,50.4095317702453,3,90.5,57.61032606926809
NTAP,NetApp,Information Technology,58.05064500716675,81.84614358116576,54.3762713190424,3,93.47619047619047,64.75768663579163
NTRS,Northern Trust,Financials,51.42857142857142,72.82998458195303,53.385304998477295,3,83.47619047619048,59.21462033633391
NUE,Nucor,Materials,32.765469824293355,20.56524984446227,57.38314253375795,3,86.18326118326118,36.90462073417119
NVDA,Nvidia,Information Technology,58.60009555661729,79.11628849999585,65.3822260839531,3,93.47619047619047,67.69953671352208
NVR,"NVR, Inc.",Consumer Discretionary,59.09090909090908,63.20946310587857,45.350652966814,3,84.10364145658265,55.88367505453388
NWS,News Corp (Class B),Communication Services,19.047619047619047,74.99177714369077,71.61228665141893,3,83.47619047619048,55.217227614242915
NXPI,NXP Semiconductors,Information Technology,46.15384615384615,82.2274813247909,76.14008051003415,3,84.66666666666666,68.17380266289041
O,Realty Income,Real Estate,73.33333333333334,61.39780054198286,76.97456492637215,3,75.38461538461537,70.56856626722944
ODFL,Old Dominion,Industrials,61.53846153846153,73.85842036138524,44.927085313291606,3,84.66666666666667,60.10798907104613
OKE,Oneok,Energy,55.88435374149661,71.80062230541476,67.01914802065404,3,83.33333333333333,64.90137468918846
OMC,Omnicom Group,Communication Services,12.244897959183673,74.96893509236514,69.07678678902349,3,81.33333333333333,52.09687328019076
ON,ON Semiconductor,Information Technology,20.23411371237458,74.42152156037255,31.67371437276751,3,83.47619047619048,42.10978321517155
ORCL,Oracle Corporation,Information Technology,13.043478260869568,72.65627658242985,77.66871044417087,3,90.60439560439559,54.456155095823426
ORLY,O'Reilly Automotive,Consumer Discretionary,46.62514635778205,74.90711982577766,54.09016030886213,3,81.09523809523809,58.54080883080728
OTIS,Otis Worldwide,Industrials,65.38461538461539,73.54148489239127,57.83406352683461,3,94.66666666666666,65.58672126794708
OXY,Occidental Petroleum,Energy,24.25170068027211,69.00866308755421,82.52655478041453,3,82.5,58.59563951608028
PANW,Palo Alto Networks,Information Technology,59.14954610606784,99.55300653284502,87.73666092943202,3,93.47619047619047,82.14640452278162
PAYX,Paychex,Industrials,94.85801731052165,74.14874264646534,48.324102639846416,3,83.47619047619048,72.44362086561114
PCAR,Paccar,Industrials,34.31793690861049,73.25999595186015,41.54536351437195,3,93.47619047619047,49.70776545828086
PCG,PG&E Corporation,Utilities,89.8935324964246,47.83918425579474,80.33511360116019,3,92.39926739926739,72.68927678445985
PEG,Public Service Enterprise Group,Utilities,84.220562529795,63.57242280932213,73.12767626798586,3,82.5,73.64022053570099
PEP,PepsiCo,Consumer Staples,66.07453428151813,88.23967550361303,48.91813435432195,3,100.0,67.74411471315102
PFE,Pfizer,Health Care,49.76147816349384,74.87997611426987,57.04245553643144,3,94.64285714285714,60.56130327139837
PFG,Principal Financial Group,Financials,37.142857142857146,22.61653252214563,80.92369477911646,3,85.52188552188552,46.89436148137308
PG,Procter & Gamble,Consumer Staples,41.82222823426348,75.57497186617363,43.59431754568608,3,98.80952380952381,53.66383921537439
PGR,Progressive Corporation,Financials,2.857142857142858,62.34406952212538,69.11836535330511,3,84.46078431372548,44.77319257752445
PH,Parker Hannifin,Industrials,34.41536394904271,74.26609118845073,30.80908908629239,3,93.47619047619047,46.49684807459528
PHM,PulteGroup,Consumer Discretionary,34.09090909090909,63.20913530515976,47.8025045853346,3,84.10364145658265,48.36751632713448
PKG,Packaging Corporation of America,Materials,46.06187929717341,67.69827572943313,35.54006567769642,3,92.97619047619048,49.76674023476765
PLD,Prologis,Real Estate,73.33333333333334,90.26178924445551,58.27755466309683,3,83.53276353276352,73.95755908029523
PLTR,Palantir Technologies,Information Technology,38.55709507883421,80.9651148806777,65.86172522697704,3,85.26190476190476,61.794645062162985
PM,Philip Morris International,Consumer Staples,86.37997862438444,88.31509449320194,71.72436664183448,3,87.16666666666666,82.13981325314028
PNC,PNC Financial Services,Financials,34.285714285714285,58.219465100573736,80.92369477911646,3,83.53276353276352,57.80962472180149
PNR,Pentair,Industrials,64.81481481481481,64.50990360966308,31.08517100894553,3,90.23109243697478,53.46996314447448
PNW,Pinnacle West Capital,Utilities,43.96948990942317,0.0,75.24046959121513,3,93.58974358974356,39.73665316687943
PODD,Insulet Corporation,Health Care,45.4749058332485,80.45651492108983,83.88264784130703,3,87.64285714285714,69.93802286521512
PPG,PPG Industries,Materials,82.36822001527884,74.63748920171926,46.18230953445013,3,100.0,67.72933958381607
PPL,PPL Corporation,Utilities,25.903781979977754,0.0,82.30082019620772,3,86.08974358974358,36.06820072539516
PRU,Prudential Financial,Financials,58.57142857142857,22.61653252214563,81.8875502008032,3,77.37373737373737,54.35850376479246
PSA,Public Storage,Real Estate,73.33333333333334,61.393264068256414,81.8875502008032,3,75.38461538461537,72.20471586746432
PSKY,Paramount Skydance Corporation,Communication Services,52.38095238095239,74.96743402260174,65.54276808727447,3,84.66666666666667,64.29705149694286
PSX,Phillips 66,Energy,17.82312925170068,22.145234120036932,44.89067380633645,3,98.14814814814814,28.286345726024685
PTC,PTC Inc.,Information Technology,35.3798375537506,99.77212331491396,73.79854693980242,3,93.47619047619047,69.650169269489
PWR,Quanta Services,Industrials,10.389757367304869,69.84765369440872,80.35407396725094,3,77.16666666666666,53.53049500965484
PYPL,PayPal,Financials,91.42857142857144,71.32393963720304,56.02362701992383,3,90.5,72.92537936189943
Q,Qnity Electronics,Information Technology,26.445293836598182,78.4250515527309,83.09599484704815,3,86.45238095238095,62.655446745459074
QCOM,Qualcomm,Information Technology,58.481605351170565,99.92100126865763,71.23393894707796,3,98.80952380952381,76.54551518896872
RCL,Royal Caribbean Group,Consumer Discretionary,43.0575447436648,74.93506862265366,77.91671797720953,3,83.47619047619048,65.30311044784267
RDDT,Reddit,Communication Services,64.9234693877551,82.49371648587035,76.57594664371773,3,86.45238095238095,74.66437750578106
REG,Regency Centers,Real Estate,23.33333333333333,61.42984799290759,64.25702811244979,3,79.82905982905982,49.67340314623023
REGN,Regeneron Pharmaceuticals,Health Care,73.6842105263158,82.4222736836721,74.85177882124894,3,87.64285714285714,76.98608767707894
RF,Regions Financial Corporation,Financials,32.85714285714286,11.482239588166244,80.92369477911646,3,83.53276353276352,41.75435907480852
RJF,Raymond James Financial,Financials,14.285714285714288,70.31776093887325,53.88165825420462,3,81.09523809523809,46.16171115959739
RL,Ralph Lauren Corporation,Consumer Discretionary,80.2001442669566,74.8874585206564,59.330873626342296,3,83.47619047619048,71.47282547131843
RMD,ResMed|,Health Care,58.369812345176285,78.15442026554979,65.94690898878682,3,88.83333333333331,67.49038053317096
ROK,Rockwell Automation,Industrials,57.25314792672306,95.1876771642638,68.44601005983378,3,91.0952380952381,73.62894505027354
ROL,"Rollins, Inc.",Industrials,43.58974358974359,73.5250219751259,36.34656875014832,3,83.47619047619048,51.15377810500593
ROP,Roper Technologies,Information Technology,31.414237935977063,69.49239863637686,69.81258366800535,3,89.94301994301993,56.906406746786416
ROST,Ross Stores,Consumer Discretionary,35.61982520699172,74.86431010041818,74.95910026022725,3,75.49999999999999,61.814411855879044
RSG,Republic Services,Industrials,32.958541707552,60.41892019929173,43.00611397152067,3,88.80952380952381,45.4611919594548
RTX,RTX Corporation,Industrials,57.76539375114197,76.27570502332097,59.03299030269265,3,92.97619047619048,64.35802969238519
RVTY,Revvity,Health Care,15.789473684210533,78.69528726895705,53.563989475850704,3,88.83333333333331,49.349583476339426
SBAC,SBA Communications,Real Estate,37.86096256684492,74.90099989557245,58.70430718123254,3,89.30952380952381,57.15542321454996
SBUX,Starbucks,Consumer Discretionary,93.1818181818182,74.84832411468099,70.2685551637502,3,75.49999999999999,79.43289915341646
SCHW,Charles Schwab Corporation,Financials,18.571428571428573,72.35396429229698,53.93682582371801,3,83.47619047619048,48.28740622914785
SHW,Sherwin-Williams,Materials,70.3030303030303,65.14217123128029,47.52033205266575,3,83.47619047619048,60.98851119565877
SJM,J.M. Smucker Company (The),Consumer Staples,52.59615508489861,74.41417529243304,59.27042106291285,3,94.64285714285714,62.09358381341484
SLB,Schlumberger,Energy,4.761904761904767,70.88096091711387,56.66953528399312,3,87.64285714285714,44.10413365433725
SMCI,Supermicro,Information Technology,32.77591973244147,75.24698018860764,87.73666092943202,3,85.26190476190476,65.25318695016037
SNA,Snap-on,Industrials,2.564102564102566,60.76231374486914,88.55421686746986,3,81.79487179487178,50.626877725480526
SNDK,Sandisk,Information Technology,34.97372193024367,46.799132156891375,87.22645684779937,3,100.0,56.33310364497814
SNPS,Synopsys,Information Technology,60.24844720496895,82.14104586110818,87.73666092943202,3,93.47619047619047,76.70871799850305
SO,Southern Company,Utilities,29.51692356586684,0.0,80.6031752344938,3,93.58974358974356,36.70669960012022
SOLV,Solventum,Health Care,35.08771929824561,68.25936899078145,87.73666092943202,3,90.60439560439559,63.6945830728197
SPG,Simon Property Group,Real Estate,0.0,74.91426541113266,68.85538859259925,3,89.30952380952381,47.92321800124397
SPGI,S&P Global,Financials,59.99999999999999,91.6230102378275,45.97349949143551,3,89.30952380952381,65.86550324308766
SRE,Sempra,Utilities,90.32258064516128,4.383301128994968,82.25381980738288,3,85.38461538461537,58.986567193846376
STE,Steris,Health Care,21.276595744680844,75.86762945371927,52.108012055370295,3,85.26190476190476,49.7507457512568
STLD,Steel Dynamics,Materials,32.0855614973262,63.880394127182655,58.68513274694698,3,85.83333333333333,51.55036279048528
STT,State Street Corporation,Financials,11.428571428571432,62.4204765749495,62.91167110444219,3,85.29411764705883,45.58690636932104
STX,Seagate Technology,Information Technology,16.92307692307692,78.62734017515785,81.97576334286168,3,84.66666666666666,59.175393480365486
STZ,Constellation Brands,Consumer Staples,68.87767871638076,74.14219548602719,64.44881071697547,3,83.47619047619048,69.15622830646114
SW,Smurfit Westrock,Materials,31.818181818181827,61.52417992154325,71.23219267756666,3,78.0,54.85818480576391
SWK,Stanley Black & Decker,Industrials,34.00056094356613,70.45348194789523,71.21237750004818,3,93.47619047619047,58.555473463836506
SWKS,Skyworks Solutions,Information Technology,47.09698996655519,82.1324754359666,72.34264522092292,3,86.66666666666666,67.19070354114822
SYF,Synchrony Financial,Financials,41.42857142857142,22.61653252214563,80.92369477911646,3,85.52188552188552,48.3229329099445
SYK,Stryker Corporation,Health Care,38.72544029318945,78.14504643018162,75.23471358560899,3,87.64285714285714,64.03506676966
SYY,Sysco,Consumer Staples,17.995596352616484,70.21482548449237,59.73704704750561,3,83.0,49.31582296153815
T,AT&T,Communication Services,29.52380952380953,74.9997618373504,54.36223402392715,3,88.80952380952381,52.961935128362356
TAP,Molson Coors Beverage Company,Consumer Staples,40.70068730514545,62.86709276002141,46.02708035397895,3,84.10364145658265,49.8649534730486
TDG,TransDigm Group,Industrials,68.07812861353449,74.86776687641378,52.74881594158702,3,86.45238095238095,65.23157047717842
TDY,Teledyne Technologies,Information Technology,42.66602962255136,77.25774133047217,79.38879697896061,3,81.33333333333333,66.43752264399471
TECH,Bio-Techne,Health Care,41.4808782110014,74.88095301258682,68.5861729438306,3,83.0,61.64933472247293
TEL,TE Connectivity,Information Technology,18.461538461538463,76.67867368024682,61.17069334139729,3,81.33333333333333,52.10363516106085
TER,Teradyne,Information Technology,21.643573817486864,93.41415485388389,52.86054934826654,3,89.30952380952381,55.9727593398791
TFC,Truist Financial,Financials,38.57142857142857,62.39947475619129,68.8738216464183,3,77.79411764705883,56.614908324679384
TGT,Target Corporation,Consumer Staples,24.135336057145956,71.80182256661848,58.25751523964545,3,83.47619047619048,51.39822462113663
TJX,TJX Companies,Consumer Discretionary,17.359339717320402,74.86354538930925,63.07962203413967,3,83.47619047619048,51.76750238025644
TKO,TKO Group Holdings,Communication Services,19.047619047619047,61.53133198113651,80.92369477911646,3,79.82905982905982,53.83421526929067
TMO,Thermo Fisher Scientific,Health Care,63.49624060150376,89.65959572382042,50.93877011115959,3,98.80952380952381,68.03153547882792
TMUS,T-Mobile US,Communication Services,95.2380952380952,74.99630421820929,59.662707855478935,3,83.47619047619048,76.6323691039278
TPL,Texas Pacific Land Corporation,Energy,4.761904761904767,73.2561251779,55.88998694909736,3,83.47619047619048,44.63600562963404
TPR,"Tapestry, Inc.",Consumer Discretionary,84.57571924395752,99.7811412065659,42.998007351496895,3,90.5,75.78495593400677
TRGP,Targa Resources,Energy,17.82312925170068,67.28401188672788,71.45725760183592,3,88.80952380952381,52.18813291342149
TRMB,Trimble Inc.,Information Technology,25.27472527472527,82.13076806274464,60.29913859918887,3,91.0952380952381,55.90154397888625
TROW,T. Rowe Price,Financials,50.0,72.3167731395205,69.779089371568,3,80.5,64.03195417036284
TRV,Travelers Companies (The),Financials,60.0,55.198859727011325,69.81258366800535,3,83.53276353276352,61.67048113167222
TSCO,Tractor Supply,Consumer Discretionary,34.828447771180066,74.845424276319,51.93387424956876,3,84.66666666666667,53.86924876568927
TSLA,"Tesla, Inc.",Consumer Discretionary,42.68354833988459,78.26426702166566,60.0114744693058,3,90.59523809523809,60.31976327695202
TSN,Tyson Foods,Consumer Staples,12.242824199324934,69.85815562906706,41.06392751938985,3,97.6190476190476,41.05496911592728
TT,Trane Technologies,Industrials,,74.1925987274704,63.72101945760215,2,72.0,68.95680909253628
TTD,Trade Desk (The),Communication Services,51.53061224489796,82.49461433530905,53.57455092250037,3,85.26190476190476,62.53325916756913
TTWO,Take-Two Interactive,Communication Services,21.1734693877551,74.90849653303053,86.4156626506024,3,77.16666666666666,60.83254285712934
TXN,Texas Instruments,Information Technology,21.561872909699,79.67007642191723,39.542609700815184,3,96.42857142857142,46.924853010810466
TXT,Textron,Industrials,41.27778792861928,76.28451490255507,45.58828666267596,3,94.16666666666667,54.38352983128344
TYL,Tyler Technologies,Information Technology,20.473005255613955,74.6269499515641,55.02221412482708,3,83.47619047619048,50.04072311066838
UAL,United Airlines Holdings,Industrials,22.040653646871267,72.48208173320299,88.96980179973465,3,80.5,61.1641790599363
UBER,Uber,Industrials,94.87179487179483,75.7592472532186,57.88994590583365,3,87.64285714285714,76.17366267694902
UDR,"UDR, Inc.",Real Estate,6.666666666666665,61.40804410102129,88.1375502008032,3,80.94017094017092,52.07075365616372
UHS,Universal Health Services,Health Care,45.6140350877193,74.85897301139124,69.84382783754467,3,81.09523809523809,63.4389453122184
ULTA,Ulta Beauty,Consumer Discretionary,46.02011374090492,74.86632696718681,52.93015922670387,3,86.92857142857142,57.93886664493186
UNH,UnitedHealth Group,Health Care,65.8522515185449,74.63019782971867,56.46339403334789,3,89.30952380952381,65.64861446053715
UNP,Union Pacific Corporation,Industrials,26.011691244851868,74.05558279028574,65.9717732311011,3,89.30952380952381,55.34634908874623
UPS,United Parcel Service,Industrials,70.0642132766485,72.40351736497796,54.136665674898346,3,77.16666666666666,65.53479877217492
URI,United Rentals,Industrials,54.1982197422612,73.44106022415609,73.84750270079489,3,84.66666666666667,67.16226088907072
USB,U.S. Bancorp,Financials,21.42857142857143,22.61653252214563,80.92369477911646,3,85.52188552188552,41.65626624327784
V,Visa Inc.,Financials,91.42857142857144,98.44226764460252,47.045880688062375,3,89.30952380952381,78.97223992041211
VEEV,Veeva Systems,Health Care,80.42010248057281,72.96137620269698,78.55421686746988,3,79.57264957264955,77.31189851691322
VICI,Vici Properties,Real Estate,71.44385026737967,60.75731408996255,86.33199464524766,3,75.38461538461537,72.84438633419663
VLO,Valero Energy,Energy,17.823129251700685,49.07869919918373,55.84541134836376,3,85.83333333333333,40.91574659974939
VLTO,Veralto,Industrials,69.88028283365071,76.04193514628938,85.1942014633878,3,81.33333333333333,77.03880648110929
VMC,Vulcan Materials Company,Materials,51.73032849503438,71.87077064436434,48.15895913822397,3,89.99999999999999,57.25335275920756
VMRK,Vivmark Residential,Real Estate,56.66666666666666,61.352934349322986,58.70147255689424,3,83.53276353276352,58.90702452429463
VRSK,Verisk Analytics,Industrials,92.81180343356507,88.02514184707124,53.65339224569784,3,93.47619047619047,78.16344584211139
VRSN,Verisign,Information Technology,57.35785953177257,77.97321682074184,68.9990504857888,3,81.33333333333333,68.1100422794344
VRT,Vertiv,Industrials,31.72234277588336,75.58927018340151,56.48737631131024,3,87.64285714285714,54.59966309019837
VRTX,Vertex Pharmaceuticals,Health Care,55.91978010791001,82.43539550765443,81.801276292332,3,82.16666666666666,73.3854839692988
VST,Vistra Corp.,Utilities,11.520737327188945,25.0285499245258,78.25364600840956,3,88.33333333333333,38.267644420041435
VTR,Ventas,Real Estate,56.66666666666666,61.27332042773439,79.62805940835695,3,84.19413919413918,65.85601550091933
VTRS,Viatris,Health Care,43.50989175065323,76.3780376940841,69.63023656380744,3,98.80952380952381,63.17272200284825
VZ,Verizon,Communication Services,19.047619047619047,61.53269249074598,70.29086041134234,3,76.49572649572649,50.29039064990245
WAB,Wabtec,Industrials,38.63400400533388,74.3881359433912,63.65688008004715,3,81.33333333333333,58.89300667625741
WAT,Waters Corporation,Health Care,26.906240456072485,91.12995516224152,78.97268294846855,3,93.47619047619047,65.66962618892751
WBD,Warner Bros. Discovery,Communication Services,19.047619047619047,74.99223462781347,80.39002162496138,3,78.0,58.14329176679796
WDAY,"Workday, Inc.",Information Technology,49.275362318840585,81.74920571384331,69.71140689476375,3,87.64285714285714,66.91199164248255
WDC,Western Digital,Information Technology,39.91877687529861,74.70907764587896,83.12795603903217,3,83.83333333333334,65.91860352006992
WEC,WEC Energy Group,Utilities,28.800055617352616,1.7847120373851877,78.73788053931796,3,86.9230769230769,36.44088273135192
WELL,Welltower,Real Estate,13.422459893048126,24.1459433131741,69.81258366800535,3,85.52188552188552,35.79366229140919
WFC,Wells Fargo,Financials,91.42857142857144,58.27875134860867,38.01874163319946,3,83.53276353276352,62.57535480345986
WM,Waste Management,Industrials,28.12653813445579,63.499657145801,47.26080352927364,3,88.80952380952381,46.29566626984347
WMB,Williams Companies,Energy,41.125541125541126,70.99038895720658,79.30467547826554,3,83.33333333333333,63.806868520337744
WMT,Walmart,Consumer Staples,17.537136749824125,70.96873009118721,64.89585517294692,3,77.16666666666666,51.13390733798609
WRB,W. R. Berkley Corporation,Financials,41.42857142857142,54.4067097227821,80.92369477911646,3,83.53276353276352,58.919658643489996
WSM,"Williams-Sonoma, Inc.",Consumer Discretionary,61.87327506899724,74.90504179674411,68.13915997625959,3,82.16666666666667,68.30582561400031
WST,West Pharmaceutical Services,Health Care,31.178526587261192,76.1205448082674,74.85989959210173,3,94.66666666666666,60.71965699587677
WTW,Willis Towers Watson,Financials,,71.86637622056449,55.678419662429015,2,71.64285714285714,63.772397941496756
WY,Weyerhaeuser,Real Estate,48.21818181818182,61.21847420269406,34.83631495679688,3,100.0,48.090990325890914
WYNN,Wynn Resorts,Consumer Discretionary,47.72727272727273,74.91370681247597,67.46394285473995,3,84.66666666666667,63.36830746482955
XEL,Xcel Energy,Utilities,30.581598601620847,0.0,73.57561501131681,3,86.08974358974358,34.719071204312556
XOM,ExxonMobil,Energy,39.04761904761904,71.02047793741602,34.04086888016344,3,91.78571428571428,48.036321955066164
XYL,Xylem Inc.,Industrials,63.88827381918919,74.58717789028765,72.6795477414777,3,93.47619047619047,70.38499981698484
XYZ,"Block, Inc.",Financials,20.0,73.12439998771569,47.533400751223965,3,91.0952380952381,46.88593357964655
YUM,Yum! Brands,Consumer Discretionary,56.882474701011965,74.93580599742211,59.76186119645471,3,89.30952380952381,63.86004729829626
ZBH,Zimmer Biomet,Health Care,35.61369574807425,93.6662948535415,47.78939920884947,3,89.30952380952381,59.02312993682173
ZBRA,Zebra Technologies,Information Technology,38.34209268991877,80.02565051216176,79.36949002386106,3,82.16666666666666,65.91241107531386
ZTS,Zoetis,Health Care,68.96399606366012,74.94017756929004,55.41293894961731,3,83.47619047619048,66.43903752752249
