ticker,company,sector,sub_industry,cogs_usd,energy_cost_usd
A,Agilent Technologies,Health Care,Life Sciences Tools & Services,3305000000.0,
AAPL,Apple Inc.,Information Technology,"Technology Hardware, Storage & Peripherals",220960000000.0,
ABBV,AbbVie,Health Care,Biotechnology,18204000000.0,
ABNB,Airbnb,Consumer Discretionary,"Hotels, Resorts & Cruise Lines",2086000000.0,
ABT,Abbott Laboratories,Health Care,Health Care Equipment,19319000000.0,
ACGL,Arch Capital Group,Financials,Property & Casualty Insurance,,
ACN,Accenture,Information Technology,IT Consulting & Other Services,47437576000.0,
ADBE,Adobe Inc.,Information Technology,Application Software,2551000000.0,
ADI,Analog Devices,Information Technology,Semiconductors,4246229000.0,
ADM,Archer Daniels Midland,Consumer Staples,Agricultural Products & Services,75236000000.0,
ADP,Automatic Data Processing,Industrials,Human Resource & Employment Services,11097300000.0,
ADSK,Autodesk,Information Technology,Application Software,650000000.0,
AEE,Ameren,Utilities,Multi-Utilities,,
AEP,American Electric Power,Utilities,Electric Utilities,,
AES,AES Corporation,Utilities,Independent Power Producers & Energy Traders,10022000000.0,
AFL,Aflac,Financials,Life & Health Insurance,,
AIG,American International Group,Financials,Multi-line Insurance,,
AIZ,Assurant,Financials,Multi-line Insurance,,
AJG,Arthur J. Gallagher & Co.,Financials,Insurance Brokers,,
AKAM,Akamai Technologies,Information Technology,Internet Services & Infrastructure,1727513000.0,
ALB,Albemarle Corporation,Materials,Specialty Chemicals,4474014000.0,
ALGN,Align Technology,Health Care,Health Care Supplies,1323951000.0,
ALL,Allstate,Financials,Property & Casualty Insurance,,
ALLE,Allegion,Industrials,Building Products,2229000000.0,
AMAT,Applied Materials,Information Technology,Semiconductor Materials & Equipment,14560000000.0,
AMCR,Amcor,Materials,Paper & Plastic Packaging Products & Materials,12175000000.0,
AMD,Advanced Micro Devices,Information Technology,Semiconductors,17487000000.0,
AME,Ametek,Industrials,Electrical Components & Equipment,4733677000.0,
AMGN,Amgen,Health Care,Biotechnology,12037000000.0,
AMP,Ameriprise Financial,Financials,Asset Management & Custody Banks,,
AMT,American Tower,Real Estate,Telecom Tower REITs,,
AMZN,Amazon,Consumer Discretionary,Broadline Retail,356414000000.0,
ANET,Arista Networks,Information Technology,Communications Equipment,3237000000.0,
AON,Aon plc,Financials,Insurance Brokers,,
AOS,A. O. Smith,Industrials,Building Products,2342800000.0,
APA,APA Corporation,Energy,Oil & Gas Exploration & Production,,
APD,Air Products,Materials,Industrial Gases,8256000000.0,
APH,Amphenol,Information Technology,Electronic Components,14577000000.0,
APO,Apollo Global Management,Financials,Asset Management & Custody Banks,,
APP,AppLovin,Communication Services,Advertising,665140000.0,
APTV,Aptiv,Consumer Discretionary,Automotive Parts & Equipment,16500000000.0,
ARE,Alexandria Real Estate Equities,Real Estate,Office REITs,,
ARES,Ares Management,Financials,Asset Management & Custody Banks,,
ATO,Atmos Energy,Utilities,Gas Utilities,,
AVGO,Broadcom,Information Technology,Semiconductors,20593000000.0,
AVY,Avery Dennison,Materials,Paper & Plastic Packaging Products & Materials,6309200000.0,
AWK,American Water Works,Utilities,Water Utilities,,
AXON,Axon Enterprise,Industrials,Aerospace & Defense,1121411000.0,
AXP,American Express,Financials,Consumer Finance,,
AZO,AutoZone,Consumer Discretionary,Automotive Retail,8972243000.0,
BA,Boeing,Industrials,Aerospace & Defense,85174000000.0,
BAC,Bank of America,Financials,Diversified Banks,,
BALL,Ball Corporation,Materials,"Metal, Glass & Plastic Containers",,
BAX,Baxter International,Health Care,Health Care Equipment,7865000000.0,
BBY,Best Buy,Consumer Discretionary,Computer & Electronics Retail,32318000000.0,
BDX,Becton Dickinson,Health Care,Health Care Equipment,11915000000.0,
BEN,Franklin Resources,Financials,Asset Management & Custody Banks,,
BF.B,Brown–Forman,Consumer Staples,Distillers & Vintners,1550000000.0,
BG,Bunge Global,Consumer Staples,Agricultural Products & Services,66920000000.0,
BIIB,Biogen,Health Care,Biotechnology,2404200000.0,
BKNG,Booking Holdings,Consumer Discretionary,"Hotels, Resorts & Cruise Lines",,
BKR,Baker Hughes,Energy,Oil & Gas Equipment & Services,,
BLDR,Builders FirstSource,Industrials,Building Products,10574861000.0,
BLK,BlackRock,Financials,Asset Management & Custody Banks,,
BMY,Bristol Myers Squibb,Health Care,Pharmaceuticals,13936000000.0,
BNY,BNY Mellon,Financials,Asset Management & Custody Banks,,
BR,Broadridge Financial Solutions,Industrials,Data Processing & Outsourced Services,4752300000.0,
BRK.B,Berkshire Hathaway,Financials,Multi-Sector Holdings,,
BRO,Brown & Brown,Financials,Insurance Brokers,,
BSX,Boston Scientific,Health Care,Health Care Equipment,6221000000.0,
BX,Blackstone Inc.,Financials,Asset Management & Custody Banks,,
BXP,"BXP, Inc.",Real Estate,Office REITs,,
C,Citigroup,Financials,Diversified Banks,,
CAH,Cardinal Health,Health Care,Health Care Distributors,214410000000.0,
CARR,Carrier Global,Industrials,Building Products,,
CASY,Casey's,Consumer Staples,Food Retail,,
CAT,Caterpillar Inc.,Industrials,Construction Machinery & Heavy Transportation Equipment,49000000.0,
CB,Chubb Limited,Financials,Property & Casualty Insurance,,
CBOE,Cboe Global Markets,Financials,Financial Exchanges & Data,2285100000.0,
CBRE,CBRE Group,Real Estate,Real Estate Services,32984000000.0,
CCI,Crown Castle,Real Estate,Telecom Tower REITs,113000000.0,
CCL,Carnival Corporation,Consumer Discretionary,"Hotels, Resorts & Cruise Lines",,
CDNS,Cadence Design Systems,Information Technology,Application Software,,
CDW,CDW Corporation,Information Technology,Technology Distributors,17550700000.0,
CEG,Constellation Energy,Utilities,Electric Utilities,,
CF,CF Industries,Materials,Fertilizers & Agricultural Chemicals,4360000000.0,
CFG,Citizens Financial Group,Financials,Regional Banks,,
CHD,Church & Dwight,Consumer Staples,Household Products,3428400000.0,
CHRW,C.H. Robinson,Industrials,Air Freight & Logistics,,
CHTR,Charter Communications,Communication Services,Cable & Satellite,,
CI,Cigna,Health Care,Health Care Services,214991000000.0,
CIEN,Ciena,Information Technology,Communications Equipment,2764590000.0,
CINF,Cincinnati Financial,Financials,Property & Casualty Insurance,,
CL,Colgate-Palmolive,Consumer Staples,Household Products,8131000000.0,
CLX,Clorox,Consumer Staples,Household Products,3891000000.0,
CMCSA,Comcast,Communication Services,Cable & Satellite,,
CME,CME Group,Financials,Financial Exchanges & Data,,
CMG,Chipotle Mexican Grill,Consumer Discretionary,Restaurants,,
CMI,Cummins,Industrials,Construction Machinery & Heavy Transportation Equipment,25154000000.0,
CMS,CMS Energy,Utilities,Multi-Utilities,,657000000.0
CNC,Centene Corporation,Health Care,Managed Health Care,2670000000.0,
CNP,CenterPoint Energy,Utilities,Multi-Utilities,4000000.0,
COF,Capital One,Financials,Consumer Finance,,
COHR,Coherent Corp.,Information Technology,Electronic Components,3766793000.0,
COIN,Coinbase,Financials,Financial Exchanges & Data,,
COO,Cooper Companies (The),Health Care,Health Care Supplies,1410300000.0,
COP,ConocoPhillips,Energy,Oil & Gas Exploration & Production,22325000000.0,
COR,Cencora,Health Care,Health Care Distributors,309854280000.0,
COST,Costco,Consumer Staples,Consumer Staples Merchandise Retail,239886000000.0,
CPAY,Corpay,Financials,Transaction & Payment Processing Services,,
CPRT,Copart,Industrials,Diversified Support Services,,
CPT,Camden Property Trust,Real Estate,Multi-Family Residential REITs,566710000.0,
CRH,CRH plc,Materials,Construction Materials,23919000000.0,
CRL,Charles River Laboratories,Health Care,Life Sciences Tools & Services,,
CRM,Salesforce,Information Technology,Application Software,9270000000.0,
CRWD,CrowdStrike,Information Technology,Systems Software,1218929000.0,
CSCO,Cisco,Information Technology,Communications Equipment,19864000000.0,
CSGP,CoStar Group,Real Estate,Real Estate Services,686000000.0,
CSX,CSX Corporation,Industrials,Rail Transportation,,1095000000.0
CTAS,Cintas,Industrials,Diversified Support Services,5556968000.0,
CTSH,Cognizant,Information Technology,IT Consulting & Other Services,,
CTVA,Corteva,Materials,Fertilizers & Agricultural Chemicals,9172000000.0,
CVNA,Carvana,Consumer Discretionary,Automotive Retail,16130000000.0,
CVS,CVS Health,Health Care,Health Care Services,221167000000.0,
CVX,Chevron Corporation,Energy,Integrated Oil & Gas,108214000000.0,
D,Dominion Energy,Utilities,Multi-Utilities,,
DAL,Delta Air Lines,Industrials,Passenger Airlines,,9819000000.0
DASH,DoorDash,Consumer Discretionary,Specialized Consumer Services,,
DD,DuPont,Industrials,Industrial Conglomerates,4486000000.0,
DDOG,Datadog,Information Technology,Application Software,686957000.0,
DE,Deere & Company,Industrials,Agricultural & Farm Machinery,,
DECK,Deckers Brands,Consumer Discretionary,Footwear,2314570000.0,
DELL,Dell Technologies,Information Technology,"Technology Hardware, Storage & Peripherals",90831000000.0,
DG,Dollar General,Consumer Staples,Consumer Staples Merchandise Retail,29624680000.0,
DGX,Quest Diagnostics,Health Care,Health Care Services,7370000000.0,
DHI,D. R. Horton,Consumer Discretionary,Homebuilding,26134200000.0,
DHR,Danaher Corporation,Health Care,Life Sciences Tools & Services,10045000000.0,
DIS,Walt Disney Company (The),Communication Services,Movies & Entertainment,,
DLR,Digital Realty,Real Estate,Data Center REITs,,
DLTR,Dollar Tree,Consumer Staples,Consumer Staples Merchandise Retail,12345000000.0,
DOC,Healthpeak Properties,Real Estate,Health Care REITs,,
DOV,Dover Corporation,Industrials,Industrial Machinery & Supplies & Components,4874402000.0,
DOW,Dow Inc.,Materials,Commodity Chemicals,37435000000.0,
DPZ,Domino's,Consumer Discretionary,Restaurants,2966434000.0,
DRI,Darden Restaurants,Consumer Discretionary,Restaurants,,
DTE,DTE Energy,Utilities,Multi-Utilities,,
DUK,Duke Energy,Utilities,Electric Utilities,,
DVA,DaVita,Health Care,Health Care Services,,
DVN,Devon Energy,Energy,Oil & Gas Exploration & Production,,
DXCM,Dexcom,Health Care,Health Care Equipment,1860100000.0,
EBAY,eBay Inc.,Consumer Discretionary,Broadline Retail,3169000000.0,
ECHO,EchoStar,Communication Services,Wireless Telecommunication Services,,
ECL,Ecolab,Materials,Specialty Chemicals,8930800000.0,
ED,Consolidated Edison,Utilities,Multi-Utilities,,
EFX,Equifax,Industrials,Research & Consulting Services,,
EG,Everest Group,Financials,Reinsurance,,
EIX,Edison International,Utilities,Electric Utilities,,
EL,Estée Lauder Companies (The),Consumer Staples,Personal Care Products,3729000000.0,
ELV,Elevance Health,Health Care,Managed Health Care,21178000000.0,
EME,Emcor,Industrials,Construction & Engineering,13703434000.0,
EMR,Emerson Electric,Industrials,Electrical Components & Equipment,8497000000.0,
EOG,EOG Resources,Energy,Oil & Gas Exploration & Production,,
EQIX,Equinix,Real Estate,Data Center REITs,4508000000.0,
EQT,EQT Corporation,Energy,Oil & Gas Exploration & Production,1532090000.0,
ERIE,Erie Indemnity,Financials,Insurance Brokers,,
ES,Eversource Energy,Utilities,Electric Utilities,,
ESS,Essex Property Trust,Real Estate,Multi-Family Residential REITs,,
ETN,Eaton Corporation,Industrials,Electrical Components & Equipment,17131000000.0,
ETR,Entergy,Utilities,Electric Utilities,,
EVRG,Evergy,Utilities,Electric Utilities,,
EW,Edwards Lifesciences,Health Care,Health Care Equipment,1334200000.0,
EXC,Exelon,Utilities,Electric Utilities,,
EXE,Expand Energy,Energy,Oil & Gas Exploration & Production,,
EXPD,Expeditors International,Industrials,Air Freight & Logistics,,
EXPE,Expedia Group,Consumer Discretionary,"Hotels, Resorts & Cruise Lines",,
EXR,Extra Space Storage,Real Estate,Self-Storage REITs,918148000.0,
F,Ford Motor Company,Consumer Discretionary,Automobile Manufacturers,174466000000.0,
FANG,Diamondback Energy,Energy,Oil & Gas Exploration & Production,,
FAST,Fastenal,Industrials,Trading Companies & Distributors,4509300000.0,
FCX,Freeport-McMoRan,Materials,Copper,18618000000.0,
FDS,FactSet,Financials,Financial Exchanges & Data,1097782000.0,
FDX,FedEx,Industrials,Air Freight & Logistics,,4052000000.0
FDXF,FedEx Freight,Industrials,Cargo Ground Transportation,,486000000.0
FE,FirstEnergy,Utilities,Electric Utilities,,652000000.0
FERG,Ferguson Enterprises,Industrials,Trading Companies & Distributors,21327000000.0,
FFIV,"F5, Inc.",Information Technology,Communications Equipment,573978000.0,
FICO,Fair Isaac,Information Technology,Application Software,353722000.0,
FIS,Fidelity National Information Services,Financials,Transaction & Payment Processing Services,6741000000.0,
FISV,Fiserv,Financials,Transaction & Payment Processing Services,,
FITB,Fifth Third Bancorp,Financials,Regional Banks,,
FIX,Comfort Systems USA,Industrials,Construction & Engineering,6905742000.0,
FLEX,Flex Ltd.,Information Technology,Electronic Manufacturing Services,25288000000.0,
FOX,Fox Corporation (Class B),Communication Services,Broadcasting,,
FRT,Federal Realty Investment Trust,Real Estate,Retail REITs,,42703000.0
FSLR,First Solar,Information Technology,Semiconductors,3099037000.0,
FTNT,Fortinet,Information Technology,Systems Software,1328900000.0,
FTV,Fortive,Industrials,Industrial Machinery & Supplies & Components,1518000000.0,
GD,General Dynamics,Industrials,Aerospace & Defense,,
GDDY,GoDaddy,Information Technology,Internet Services & Infrastructure,,
GE,GE Aerospace,Industrials,Aerospace & Defense,,
GEHC,GE HealthCare,Health Care,Health Care Equipment,,
GEN,Gen Digital,Information Technology,Systems Software,1077000000.0,
GEV,GE Vernova,Industrials,Heavy Electrical Equipment,30533000000.0,
GILD,Gilead Sciences,Health Care,Biotechnology,6234000000.0,
GIS,General Mills,Consumer Staples,Packaged Foods & Meats,12228900000.0,
GL,Globe Life,Financials,Life & Health Insurance,,
GLW,Corning Inc.,Information Technology,Electronic Components,10008000000.0,
GM,General Motors,Consumer Discretionary,Automobile Manufacturers,,
GNRC,Generac,Industrials,Heavy Electrical Equipment,2597410000.0,
GOOGL,Alphabet Inc. (Class A),Communication Services,Interactive Media & Services,162535000000.0,
GPC,Genuine Parts Company,Consumer Discretionary,Distributors,15359443000.0,
GPN,Global Payments,Financials,Transaction & Payment Processing Services,2113381000.0,
GRMN,Garmin,Consumer Discretionary,Consumer Electronics,2989216000.0,
GS,Goldman Sachs,Financials,Investment Banking & Brokerage,,
GWW,W. W. Grainger,Industrials,Industrial Machinery & Supplies & Components,10933000000.0,
HAL,Halliburton,Energy,Oil & Gas Equipment & Services,,
HAS,Hasbro,Consumer Discretionary,Leisure Products,1296200000.0,
HBAN,Huntington Bancshares,Financials,Regional Banks,,
HCA,HCA Healthcare,Health Care,Health Care Facilities,,
HD,Home Depot (The),Consumer Discretionary,Home Improvement Retail,109818000000.0,
HIG,Hartford (The),Financials,Property & Casualty Insurance,,
HII,Huntington Ingalls Industries,Industrials,Aerospace & Defense,,
HLT,Hilton Worldwide,Consumer Discretionary,"Hotels, Resorts & Cruise Lines",,
HON,Honeywell Technologies,Industrials,Industrial Conglomerates,23613000000.0,
HONA,Honeywell Aerospace,Industrials,Aerospace & Defense,,
HOOD,Robinhood Markets,Financials,Investment Banking & Brokerage,,
HPE,Hewlett Packard Enterprise,Information Technology,"Technology Hardware, Storage & Peripherals",,
HPQ,HP Inc.,Information Technology,"Technology Hardware, Storage & Peripherals",43903000000.0,
HRL,Hormel Foods,Consumer Staples,Packaged Foods & Meats,10214344000.0,
HSIC,Henry Schein,Health Care,Health Care Distributors,9079000000.0,
HST,Host Hotels & Resorts,Real Estate,Hotel & Resort REITs,,
HSY,Hershey Company (The),Consumer Staples,Packaged Foods & Meats,7769885000.0,
HUBB,Hubbell Incorporated,Industrials,Industrial Machinery & Supplies & Components,3780500000.0,
HUM,Humana,Health Care,Managed Health Care,,
HWM,Howmet Aerospace,Industrials,Aerospace & Defense,,
IBKR,Interactive Brokers,Financials,Investment Banking & Brokerage,,
IBM,IBM,Information Technology,IT Consulting & Other Services,28239000000.0,
ICE,Intercontinental Exchange,Financials,Financial Exchanges & Data,,
IDXX,Idexx Laboratories,Health Care,Health Care Equipment,1644123000.0,
IEX,IDEX Corporation,Industrials,Industrial Machinery & Supplies & Components,1918700000.0,
IFF,International Flavors & Fragrances,Materials,Specialty Chemicals,6952000000.0,
INCY,Incyte,Health Care,Biotechnology,372130000.0,
INTC,Intel,Information Technology,Semiconductors,34478000000.0,
INTU,Intuit,Information Technology,Application Software,,
INVH,Invitation Homes,Real Estate,Single-Family Residential REITs,,
IP,International Paper,Materials,Paper & Plastic Packaging Products & Materials,16637000000.0,
IQV,IQVIA,Health Care,Life Sciences Tools & Services,,
IR,Ingersoll Rand,Industrials,Industrial Machinery & Supplies & Components,4314600000.0,
IRM,Iron Mountain,Real Estate,Other Specialized REITs,,
ISRG,Intuitive Surgical,Health Care,Health Care Equipment,3422400000.0,
IT,Gartner,Information Technology,IT Consulting & Other Services,2053575000.0,
ITW,Illinois Tool Works,Industrials,Industrial Machinery & Supplies & Components,8969000000.0,
IVZ,Invesco,Financials,Asset Management & Custody Banks,,
J,Jacobs Solutions,Industrials,Construction & Engineering,9044849000.0,
JBHT,J.B. Hunt,Industrials,Cargo Ground Transportation,,633324000.0
JBL,Jabil,Information Technology,Electronic Manufacturing Services,27156000000.0,
JCI,Johnson Controls,Industrials,Building Products,15004000000.0,
JKHY,Jack Henry & Associates,Financials,Transaction & Payment Processing Services,1360747000.0,
JNJ,Johnson & Johnson,Health Care,Pharmaceuticals,30256000000.0,
JPM,JPMorgan Chase,Financials,Diversified Banks,,
KDP,Keurig Dr Pepper,Consumer Staples,Soft Drinks & Non-alcoholic Beverages,7604000000.0,
KEY,KeyCorp,Financials,Regional Banks,,
KEYS,Keysight Technologies,Information Technology,Electronic Equipment & Instruments,2038000000.0,
KHC,Kraft Heinz,Consumer Staples,Packaged Foods & Meats,16633000000.0,
KIM,Kimco Realty,Real Estate,Retail REITs,,
KKR,KKR & Co.,Financials,Asset Management & Custody Banks,,
KLAC,KLA Corporation,Information Technology,Semiconductor Materials & Equipment,4751867000.0,
KMB,Kimberly-Clark,Consumer Staples,Household Products,10524000000.0,
KMI,Kinder Morgan,Energy,Oil & Gas Storage & Transportation,,
KO,Coca-Cola Company (The),Consumer Staples,Soft Drinks & Non-alcoholic Beverages,18397000000.0,
KR,Kroger,Consumer Staples,Food Retail,,
KVUE,Kenvue,Consumer Staples,Personal Care Products,6332000000.0,
L,Loews Corporation,Financials,Multi-line Insurance,,
LDOS,Leidos,Industrials,Diversified Support Services,14075000000.0,
LEN,Lennar,Consumer Discretionary,Homebuilding,,
LH,Labcorp,Health Care,Health Care Services,9939200000.0,
LHX,L3Harris,Industrials,Aerospace & Defense,,
LII,Lennox International,Industrials,Building Products,3460500000.0,
LIN,Linde plc,Materials,Industrial Gases,,
LITE,Lumentum,Information Technology,Communications Equipment,,
LLY,Lilly (Eli),Health Care,Pharmaceuticals,11052000000.0,
LMT,Lockheed Martin,Industrials,Aerospace & Defense,67429000000.0,
LNT,Alliant Energy,Utilities,Electric Utilities,625000000.0,
LOW,Lowe's,Consumer Discretionary,Home Improvement Retail,57401000000.0,
LRCX,Lam Research,Information Technology,Semiconductor Materials & Equipment,9456532000.0,
LULU,Lululemon Athletica,Consumer Discretionary,"Apparel, Accessories & Luxury Goods",4818468000.0,
LUV,Southwest Airlines,Industrials,Passenger Airlines,,5240000000.0
LVS,Las Vegas Sands,Consumer Discretionary,Casinos & Gaming,,
LYB,LyondellBasell,Materials,Specialty Chemicals,27576000000.0,
LYV,Live Nation Entertainment,Communication Services,Movies & Entertainment,,
MA,Mastercard,Financials,Transaction & Payment Processing Services,,
MAA,Mid-America Apartment Communities,Real Estate,Multi-Family Residential REITs,,
MAR,Marriott International,Consumer Discretionary,"Hotels, Resorts & Cruise Lines",,
MAS,Masco,Industrials,Building Products,4883000000.0,
MCD,McDonald's,Consumer Discretionary,Restaurants,,
MCHP,Microchip Technology,Information Technology,Semiconductors,1992000000.0,
MCK,McKesson Corporation,Health Care,Health Care Distributors,388880000000.0,
MCO,Moody's Corporation,Financials,Financial Exchanges & Data,1973000000.0,
MDLZ,Mondelez International,Consumer Staples,Packaged Foods & Meats,27602000000.0,
MDT,Medtronic,Health Care,Health Care Equipment,12721000000.0,
MET,MetLife,Financials,Life & Health Insurance,,
META,Meta Platforms,Communication Services,Interactive Media & Services,36175000000.0,
MGM,MGM Resorts,Consumer Discretionary,Casinos & Gaming,,
MKC,McCormick & Company,Consumer Staples,Packaged Foods & Meats,4248100000.0,
MLM,Martin Marietta Materials,Materials,Construction Materials,4261000000.0,
MMM,3M,Industrials,Industrial Conglomerates,14991000000.0,
MNST,Monster Beverage,Consumer Staples,Soft Drinks & Non-alcoholic Beverages,3662148000.0,
MO,Altria,Consumer Staples,Tobacco,5597000000.0,
MOS,Mosaic Company (The),Materials,Fertilizers & Agricultural Chemicals,10150500000.0,
MPC,Marathon Petroleum,Energy,Oil & Gas Refining & Marketing,119446000000.0,
MPWR,Monolithic Power Systems,Information Technology,Semiconductors,1250718000.0,
MRK,Merck & Co.,Health Care,Pharmaceuticals,16382000000.0,
MRNA,Moderna,Health Care,Biotechnology,868000000.0,
MRSH,Marsh McLennan,Financials,Insurance Brokers,,
MRVL,Marvell Technology,Information Technology,Semiconductors,4013900000.0,
MS,Morgan Stanley,Financials,Investment Banking & Brokerage,,
MSCI,MSCI,Financials,Financial Exchanges & Data,,
MSFT,Microsoft,Information Technology,Systems Software,87831000000.0,
MSI,Motorola Solutions,Information Technology,Communications Equipment,5647000000.0,
MTB,M&T Bank,Financials,Regional Banks,,
MTD,Mettler Toledo,Health Care,Life Sciences Tools & Services,,
MU,Micron Technology,Information Technology,Semiconductors,22505000000.0,
NCLH,Norwegian Cruise Line Holdings,Consumer Discretionary,"Hotels, Resorts & Cruise Lines",5639163000.0,675887000.0
NDAQ,"Nasdaq, Inc.",Financials,Financial Exchanges & Data,3013000000.0,
NDSN,Nordson Corporation,Industrials,Industrial Machinery & Supplies & Components,1251903000.0,
NEE,NextEra Energy,Utilities,Multi-Utilities,,
NEM,Newmont,Materials,Gold,,
NFLX,Netflix,Communication Services,Movies & Entertainment,23275329000.0,
NI,NiSource,Utilities,Multi-Utilities,,
NKE,"Nike, Inc.",Consumer Discretionary,"Apparel, Accessories & Luxury Goods",26487000000.0,
NOC,Northrop Grumman,Industrials,Aerospace & Defense,,
NOW,ServiceNow,Information Technology,Systems Software,2983000000.0,
NRG,NRG Energy,Utilities,Independent Power Producers & Energy Traders,,
NSC,Norfolk Southern,Industrials,Rail Transportation,,932000000.0
NTAP,NetApp,Information Technology,"Technology Hardware, Storage & Peripherals",2026000000.0,
NTRS,Northern Trust,Financials,Asset Management & Custody Banks,,
NUE,Nucor,Materials,Steel,28616000000.0,
NVDA,Nvidia,Information Technology,Semiconductors,62475000000.0,
NVR,"NVR, Inc.",Consumer Discretionary,Homebuilding,,
NWS,News Corp (Class B),Communication Services,Publishing,,
NXPI,NXP Semiconductors,Information Technology,Semiconductors,5553000000.0,
O,Realty Income,Real Estate,Retail REITs,,
ODFL,Old Dominion,Industrials,Cargo Ground Transportation,,
OKE,Oneok,Energy,Oil & Gas Storage & Transportation,23373000000.0,
OMC,Omnicom Group,Communication Services,Advertising,15804800000.0,
ON,ON Semiconductor,Information Technology,Semiconductors,4011500000.0,
ORCL,Oracle Corporation,Information Technology,Application Software,,
ORLY,O'Reilly Automotive,Consumer Discretionary,Automotive Retail,8607851000.0,
OTIS,Otis Worldwide,Industrials,Industrial Machinery & Supplies & Components,,
OXY,Occidental Petroleum,Energy,Oil & Gas Exploration & Production,,
PANW,Palo Alto Networks,Information Technology,Systems Software,2451000000.0,
PAYX,Paychex,Industrials,Human Resource & Employment Services,1674500000.0,
PCAR,Paccar,Industrials,Construction Machinery & Heavy Transportation Equipment,22736700000.0,
PCG,PG&E Corporation,Utilities,Multi-Utilities,,
PEG,Public Service Enterprise Group,Utilities,Electric Utilities,,
PEP,PepsiCo,Consumer Staples,Soft Drinks & Non-alcoholic Beverages,43066000000.0,
PFE,Pfizer,Health Care,Pharmaceuticals,16067000000.0,
PFG,Principal Financial Group,Financials,Life & Health Insurance,,
PG,Procter & Gamble,Consumer Staples,Personal Care Products,41164000000.0,
PGR,Progressive Corporation,Financials,Property & Casualty Insurance,,
PH,Parker Hannifin,Industrials,Industrial Machinery & Supplies & Components,12535000000.0,
PHM,PulteGroup,Consumer Discretionary,Homebuilding,,
PKG,Packaging Corporation of America,Materials,Paper & Plastic Packaging Products & Materials,7099700000.0,
PLD,Prologis,Real Estate,Industrial REITs,,
PLTR,Palantir Technologies,Information Technology,Application Software,789177000.0,
PM,Philip Morris International,Consumer Staples,Tobacco,13366000000.0,
PNC,PNC Financial Services,Financials,Diversified Banks,,
PNR,Pentair,Industrials,Industrial Machinery & Supplies & Components,2485700000.0,
PNW,Pinnacle West Capital,Utilities,Multi-Utilities,,
PODD,Insulet Corporation,Health Care,Health Care Equipment,768200000.0,
PPG,PPG Industries,Materials,Specialty Chemicals,9316000000.0,
PPL,PPL Corporation,Utilities,Electric Utilities,,6913000000.0
PRU,Prudential Financial,Financials,Life & Health Insurance,,
PSA,Public Storage,Real Estate,Self-Storage REITs,,
PSKY,Paramount Skydance Corporation,Communication Services,Movies & Entertainment,,
PSX,Phillips 66,Energy,Oil & Gas Refining & Marketing,116093000000.0,
PTC,PTC Inc.,Information Technology,Application Software,444983000.0,
PWR,Quanta Services,Industrials,Construction & Engineering,24204616000.0,
PYPL,PayPal,Financials,Transaction & Payment Processing Services,,
Q,Qnity Electronics,Information Technology,Semiconductor Materials & Equipment,2559000000.0,
QCOM,Qualcomm,Information Technology,Semiconductors,19738000000.0,
RCL,Royal Caribbean Group,Consumer Discretionary,"Hotels, Resorts & Cruise Lines",9083000000.0,
RDDT,Reddit,Communication Services,Interactive Media & Services,194216000.0,
REG,Regency Centers,Real Estate,Retail REITs,,
REGN,Regeneron Pharmaceuticals,Health Care,Biotechnology,,
RF,Regions Financial Corporation,Financials,Regional Banks,,
RJF,Raymond James Financial,Financials,Investment Banking & Brokerage,,
RL,Ralph Lauren Corporation,Consumer Discretionary,"Apparel, Accessories & Luxury Goods",2445300000.0,
RMD,ResMed|,Health Care,Health Care Equipment,2091357000.0,
ROK,Rockwell Automation,Industrials,Electrical Components & Equipment,4326000000.0,
ROL,"Rollins, Inc.",Industrials,Environmental & Facilities Services,,
ROP,Roper Technologies,Information Technology,Electronic Equipment & Instruments,2430500000.0,
ROST,Ross Stores,Consumer Discretionary,Apparel Retail,16447256000.0,
RSG,Republic Services,Industrials,Environmental & Facilities Services,9630000000.0,
RTX,RTX Corporation,Industrials,Aerospace & Defense,,
RVTY,Revvity,Health Care,Health Care Equipment,,
SBAC,SBA Communications,Real Estate,Telecom Tower REITs,198972000.0,
SBUX,Starbucks,Consumer Discretionary,Restaurants,,
SCHW,Charles Schwab Corporation,Financials,Investment Banking & Brokerage,,
SHW,Sherwin-Williams,Materials,Specialty Chemicals,12058800000.0,
SJM,J.M. Smucker Company (The),Consumer Staples,Packaged Foods & Meats,6016400000.0,
SLB,Schlumberger,Energy,Oil & Gas Equipment & Services,,
SMCI,Supermicro,Information Technology,"Technology Hardware, Storage & Peripherals",19542120000.0,
SNA,Snap-on,Industrials,Industrial Machinery & Supplies & Components,,
SNDK,Sandisk,Information Technology,"Technology Hardware, Storage & Peripherals",5143000000.0,
SNPS,Synopsys,Information Technology,Application Software,1623549000.0,
SO,Southern Company,Utilities,Electric Utilities,,
SOLV,Solventum,Health Care,Health Care Technology,,
SPG,Simon Property Group,Real Estate,Retail REITs,,
SPGI,S&P Global,Financials,Financial Exchanges & Data,4563000000.0,
SRE,Sempra,Utilities,Multi-Utilities,,
STE,Steris,Health Care,Health Care Equipment,3309400000.0,
STLD,Steel Dynamics,Materials,Steel,15784398000.0,
STT,State Street Corporation,Financials,Asset Management & Custody Banks,,
STX,Seagate Technology,Information Technology,"Technology Hardware, Storage & Peripherals",5897000000.0,
STZ,Constellation Brands,Consumer Staples,Distillers & Vintners,4427500000.0,
SW,Smurfit Westrock,Materials,Paper & Plastic Packaging Products & Materials,25136000000.0,
SWK,Stanley Black & Decker,Industrials,Industrial Machinery & Supplies & Components,10542100000.0,
SWKS,Skyworks Solutions,Information Technology,Semiconductors,2404800000.0,
SYF,Synchrony Financial,Financials,Consumer Finance,,
SYK,Stryker Corporation,Health Care,Health Care Equipment,9051000000.0,
SYY,Sysco,Consumer Staples,Food Distributors,66401000000.0,
T,AT&T,Communication Services,Integrated Telecommunication Services,,
TAP,Molson Coors Beverage Company,Consumer Staples,Brewers,6866200000.0,
TDG,TransDigm Group,Industrials,Aerospace & Defense,3520000000.0,
TDY,Teledyne Technologies,Information Technology,Electronic Equipment & Instruments,3500600000.0,
TECH,Bio-Techne,Health Care,Life Sciences Tools & Services,429363000.0,
TEL,TE Connectivity,Information Technology,Electronic Manufacturing Services,11183000000.0,
TER,Teradyne,Information Technology,Semiconductor Materials & Equipment,1332679000.0,
TFC,Truist Financial,Financials,Diversified Banks,,
TGT,Target Corporation,Consumer Staples,Consumer Staples Merchandise Retail,75511000000.0,
TJX,TJX Companies,Consumer Discretionary,Apparel Retail,41679000000.0,
TKO,TKO Group Holdings,Communication Services,Movies & Entertainment,,
TMO,Thermo Fisher Scientific,Health Care,Life Sciences Tools & Services,,
TMUS,T-Mobile US,Communication Services,Wireless Telecommunication Services,,
TPL,Texas Pacific Land Corporation,Energy,Oil & Gas Exploration & Production,,
TPR,"Tapestry, Inc.",Consumer Discretionary,"Apparel, Accessories & Luxury Goods",1721800000.0,
TRGP,Targa Resources,Energy,Oil & Gas Storage & Transportation,10507800000.0,
TRMB,Trimble Inc.,Information Technology,Application Software,1109400000.0,
TROW,T. Rowe Price,Financials,Asset Management & Custody Banks,,
TRV,Travelers Companies (The),Financials,Property & Casualty Insurance,,
TSCO,Tractor Supply,Consumer Discretionary,Other Specialty Retail,9869538000.0,
TSLA,"Tesla, Inc.",Consumer Discretionary,Automobile Manufacturers,77733000000.0,
TSN,Tyson Foods,Consumer Staples,Packaged Foods & Meats,50879000000.0,
TT,Trane Technologies,Industrials,Building Products,,
TTD,Trade Desk (The),Communication Services,Advertising,619067000.0,
TTWO,Take-Two Interactive,Communication Services,Interactive Home Entertainment,2846700000.0,
TXN,Texas Instruments,Information Technology,Semiconductors,7599000000.0,
TXT,Textron,Industrials,Aerospace & Defense,,
TYL,Tyler Technologies,Information Technology,Application Software,1248640000.0,
UAL,United Airlines Holdings,Industrials,Passenger Airlines,,11396000000.0
UBER,Uber,Industrials,Passenger Ground Transportation,,
UDR,"UDR, Inc.",Real Estate,Multi-Family Residential REITs,,
UHS,Universal Health Services,Health Care,Health Care Facilities,,
ULTA,Ulta Beauty,Consumer Discretionary,Other Specialty Retail,7547596000.0,
UNH,UnitedHealth Group,Health Care,Managed Health Care,50655000000.0,
UNP,Union Pacific Corporation,Industrials,Rail Transportation,,2390000000.0
UPS,United Parcel Service,Industrials,Air Freight & Logistics,,4316000000.0
URI,United Rentals,Industrials,Trading Companies & Distributors,9955000000.0,
USB,U.S. Bancorp,Financials,Diversified Banks,,
V,Visa Inc.,Financials,Transaction & Payment Processing Services,,
VEEV,Veeva Systems,Health Care,Health Care Technology,782019000.0,
VICI,Vici Properties,Real Estate,Hotel & Resort REITs,26730000.0,
VLO,Valero Energy,Energy,Oil & Gas Refining & Marketing,117255000000.0,
VLTO,Veralto,Industrials,Environmental & Facilities Services,2204000000.0,
VMC,Vulcan Materials Company,Materials,Construction Materials,5766500000.0,
VMRK,Vivmark Residential,Real Estate,Multi-Family Residential REITs,,
VRSK,Verisk Analytics,Industrials,Research & Consulting Services,925500000.0,
VRSN,Verisign,Information Technology,Internet Services & Infrastructure,196300000.0,
VRT,Vertiv,Industrials,Electrical Components & Equipment,6514700000.0,
VRTX,Vertex Pharmaceuticals,Health Care,Biotechnology,1651300000.0,
VST,Vistra Corp.,Utilities,Electric Utilities,,
VTR,Ventas,Real Estate,Health Care REITs,,
VTRS,Viatris,Health Care,Pharmaceuticals,9286400000.0,
VZ,Verizon,Communication Services,Integrated Telecommunication Services,,
WAB,Wabtec,Industrials,Construction Machinery & Heavy Transportation Equipment,7361000000.0,
WAT,Waters Corporation,Health Care,Life Sciences Tools & Services,1288822000.0,
WBD,Warner Bros. Discovery,Communication Services,Broadcasting,,
WDAY,"Workday, Inc.",Information Technology,Application Software,,
WDC,Western Digital,Information Technology,"Technology Hardware, Storage & Peripherals",5828000000.0,
WEC,WEC Energy Group,Utilities,Electric Utilities,3265800000.0,
WELL,Welltower,Real Estate,Health Care REITs,6488081000.0,412992000.0
WFC,Wells Fargo,Financials,Diversified Banks,,
WM,Waste Management,Industrials,Environmental & Facilities Services,15012000000.0,
WMB,Williams Companies,Energy,Oil & Gas Storage & Transportation,,
WMT,Walmart,Consumer Staples,Consumer Staples Merchandise Retail,535395000000.0,
WRB,W. R. Berkley Corporation,Financials,Property & Casualty Insurance,,
WSM,"Williams-Sonoma, Inc.",Consumer Discretionary,Homefurnishing Retail,4203765000.0,
WST,West Pharmaceutical Services,Health Care,Health Care Supplies,1970100000.0,
WTW,Willis Towers Watson,Financials,Insurance Brokers,,
WY,Weyerhaeuser,Real Estate,Timber REITs,5880000000.0,
WYNN,Wynn Resorts,Consumer Discretionary,Casinos & Gaming,,
XEL,Xcel Energy,Utilities,Multi-Utilities,,
XOM,ExxonMobil,Energy,Integrated Oil & Gas,,
XYL,Xylem Inc.,Industrials,Industrial Machinery & Supplies & Components,5560000000.0,
XYZ,"Block, Inc.",Financials,Transaction & Payment Processing Services,13833754000.0,
YUM,Yum! Brands,Consumer Discretionary,Restaurants,2483000000.0,
ZBH,Zimmer Biomet,Health Care,Health Care Equipment,2493700000.0,
ZBRA,Zebra Technologies,Information Technology,Electronic Equipment & Instruments,2803000000.0,
ZTS,Zoetis,Health Care,Pharmaceuticals,2666000000.0,
