ticker,company,sector,sub_industry,cik,legal_name,gics_sector,gics_sub_industry,hq_state,shares_outstanding
A,Agilent Technologies,Health Care,Life Sciences Tools & Services,0001090872,Agilent Technologies,Health Care,Life Sciences Tools & Services,California,283054377.0
AAPL,Apple Inc.,Information Technology,"Technology Hardware, Storage & Peripherals",0000320193,Apple Inc.,Information Technology,"Technology Hardware, Storage & Peripherals",California,14773260000.0
ABBV,AbbVie,Health Care,Biotechnology,0001551152,AbbVie,Health Care,Biotechnology,Illinois,1773000000.0
ABNB,Airbnb,Consumer Discretionary,"Hotels, Resorts & Cruise Lines",0001559720,Airbnb,Consumer Discretionary,"Hotels, Resorts & Cruise Lines",California,623000000.0
ABT,Abbott Laboratories,Health Care,Health Care Equipment,0000001800,Abbott Laboratories,Health Care,Health Care Equipment,Illinois,1748000000.0
ACGL,Arch Capital Group,Financials,Property & Casualty Insurance,0000947484,Arch Capital Group,Financials,Property & Casualty Insurance,Bermuda,359000000.0
ACN,Accenture,Information Technology,IT Consulting & Other Services,0001467373,Accenture,Information Technology,IT Consulting & Other Services,Ireland,632435108.0
ADBE,Adobe Inc.,Information Technology,Application Software,0000796343,Adobe Inc.,Information Technology,Application Software,California,413000000.0
ADI,Analog Devices,Information Technology,Semiconductors,0000006281,Analog Devices,Information Technology,Semiconductors,Massachusetts,489654097.0
ADM,Archer Daniels Midland,Consumer Staples,Agricultural Products & Services,0000007084,Archer Daniels Midland,Consumer Staples,Agricultural Products & Services,Illinois,484000000.0
ADP,Automatic Data Processing,Industrials,Human Resource & Employment Services,0000008670,Automatic Data Processing,Industrials,Human Resource & Employment Services,New Jersey,405300000.0
ADSK,Autodesk,Information Technology,Application Software,0000769397,Autodesk,Information Technology,Application Software,California,212000000.0
AEE,Ameren,Utilities,Multi-Utilities,0001002910,Ameren,Utilities,Multi-Utilities,Missouri,276400000.0
AEP,American Electric Power,Utilities,Electric Utilities,0000004904,American Electric Power,Utilities,Electric Utilities,Ohio,537467865.0
AES,AES Corporation,Utilities,Independent Power Producers & Energy Traders,0000874761,AES Corporation,Utilities,Independent Power Producers & Energy Traders,Virginia,712201777.0
AFL,Aflac,Financials,Life & Health Insurance,0000004977,Aflac,Financials,Life & Health Insurance,Georgia,518690000.0
AIG,American International Group,Financials,Multi-line Insurance,0000005272,American International Group,Financials,Multi-line Insurance,New York,538200000.0
AIZ,Assurant,Financials,Multi-line Insurance,0001267238,Assurant,Financials,Multi-line Insurance,Georgia,49792919.0
AJG,Arthur J. Gallagher & Co.,Financials,Insurance Brokers,0000354190,Arthur J. Gallagher & Co.,Financials,Insurance Brokers,Illinois,257000000.0
AKAM,Akamai Technologies,Information Technology,Internet Services & Infrastructure,0001086222,Akamai Technologies,Information Technology,Internet Services & Infrastructure,Massachusetts,144711094.0
ALB,Albemarle Corporation,Materials,Specialty Chemicals,0000915913,Albemarle Corporation,Materials,Specialty Chemicals,North Carolina,117716000.0
ALGN,Align Technology,Health Care,Health Care Supplies,0001097149,Align Technology,Health Care,Health Care Supplies,Arizona,71364000.0
ALL,Allstate,Financials,Property & Casualty Insurance,0000899051,Allstate,Financials,Property & Casualty Insurance,Illinois,260000000.0
ALLE,Allegion,Industrials,Building Products,0001579241,Allegion,Industrials,Building Products,Ireland,86066997.0
AMAT,Applied Materials,Information Technology,Semiconductor Materials & Equipment,0000006951,Applied Materials,Information Technology,Semiconductor Materials & Equipment,California,793000000.0
AMCR,Amcor,Materials,Paper & Plastic Packaging Products & Materials,0001748790,Amcor,Materials,Paper & Plastic Packaging Products & Materials,United Kingdom,318600000.0
AMD,Advanced Micro Devices,Information Technology,Semiconductors,0000002488,Advanced Micro Devices,Information Technology,Semiconductors,California,1630000000.0
AME,Ametek,Industrials,Electrical Components & Equipment,0001037868,Ametek,Industrials,Electrical Components & Equipment,Pennsylvania,229000000.0
AMGN,Amgen,Health Care,Biotechnology,0000318154,Amgen,Health Care,Biotechnology,California,538800000.0
AMP,Ameriprise Financial,Financials,Asset Management & Custody Banks,0000820027,Ameriprise Financial,Financials,Asset Management & Custody Banks,Minnesota,98200000.0
AMT,American Tower,Real Estate,Telecom Tower REITs,0001053507,American Tower,Real Estate,Telecom Tower REITs,Massachusetts,466318000.0
AMZN,Amazon,Consumer Discretionary,Broadline Retail,0001018724,Amazon,Consumer Discretionary,Broadline Retail,Washington,10731000000.0
ANET,Arista Networks,Information Technology,Communications Equipment,0001596532,Arista Networks,Information Technology,Communications Equipment,California,1256500000.0
AON,Aon plc,Financials,Insurance Brokers,0000315293,Aon plc,Financials,Insurance Brokers,United Kingdom,217100000.0
AOS,A. O. Smith,Industrials,Building Products,0000091142,A. O. Smith,Industrials,Building Products,Wisconsin,141914840.0
APA,APA Corporation,Energy,Oil & Gas Exploration & Production,0001841666,APA Corporation,Energy,Oil & Gas Exploration & Production,Texas,352964646.0
APD,Air Products,Materials,Industrial Gases,0000002969,Air Products,Materials,Industrial Gases,Pennsylvania,222588256.0
APH,Amphenol,Information Technology,Electronic Components,0000820313,Amphenol,Information Technology,Electronic Components,Connecticut,1226600000.0
APO,Apollo Global Management,Financials,Asset Management & Custody Banks,0001858681,Apollo Global Management,Financials,Asset Management & Custody Banks,New York,578981398.0
APP,AppLovin,Communication Services,Advertising,0001751008,AppLovin,Communication Services,Advertising,California,338313000.0
APTV,Aptiv,Consumer Discretionary,Automotive Parts & Equipment,0001521332,Aptiv,Consumer Discretionary,Automotive Parts & Equipment,Switzerland,212746899.0
ARE,Alexandria Real Estate Equities,Real Estate,Office REITs,0001035443,Alexandria Real Estate Equities,Real Estate,Office REITs,California,170537867.0
ARES,Ares Management,Financials,Asset Management & Custody Banks,0001176948,Ares Management,Financials,Asset Management & Custody Banks,California,
ATO,Atmos Energy,Utilities,Gas Utilities,0000731802,Atmos Energy,Utilities,Gas Utilities,Texas,161568384.0
AVGO,Broadcom,Information Technology,Semiconductors,0001730168,Broadcom,Information Technology,Semiconductors,California,4741000000.0
AVY,Avery Dennison,Materials,Paper & Plastic Packaging Products & Materials,0000008818,Avery Dennison,Materials,Paper & Plastic Packaging Products & Materials,Ohio,76877487.0
AWK,American Water Works,Utilities,Water Utilities,0001410636,American Water Works,Utilities,Water Utilities,New Jersey,195000000.0
AXON,Axon Enterprise,Industrials,Aerospace & Defense,0001069183,Axon Enterprise,Industrials,Aerospace & Defense,Arizona,80211537.0
AXP,American Express,Financials,Consumer Finance,0000004962,American Express,Financials,Consumer Finance,New York,686000000.0
AZO,AutoZone,Consumer Discretionary,Automotive Retail,0000866787,AutoZone,Consumer Discretionary,Automotive Retail,Tennessee,17245000.0
BA,Boeing,Industrials,Aerospace & Defense,0000012927,Boeing,Industrials,Aerospace & Defense,Virginia,1012261159.0
BAC,Bank of America,Financials,Diversified Banks,0000070858,Bank of America,Financials,Diversified Banks,North Carolina,7212464345.0
BALL,Ball Corporation,Materials,"Metal, Glass & Plastic Containers",0000009389,Ball Corporation,Materials,"Metal, Glass & Plastic Containers",Colorado,275972000.0
BAX,Baxter International,Health Care,Health Care Equipment,0000010456,Baxter International,Health Care,Health Care Equipment,Illinois,513000000.0
BBY,Best Buy,Consumer Discretionary,Computer & Electronics Retail,0000764478,Best Buy,Consumer Discretionary,Computer & Electronics Retail,Minnesota,209100000.0
BDX,Becton Dickinson,Health Care,Health Care Equipment,0000010795,Becton Dickinson,Health Care,Health Care Equipment,New Jersey,288509000.0
BEN,Franklin Resources,Financials,Asset Management & Custody Banks,0000038777,Franklin Resources,Financials,Asset Management & Custody Banks,California,520951796.0
BF.B,Brown–Forman,Consumer Staples,Distillers & Vintners,0000014693,Brown–Forman,Consumer Staples,Distillers & Vintners,Kentucky,466733000.0
BG,Bunge Global,Consumer Staples,Agricultural Products & Services,0001996862,Bunge Global,Consumer Staples,Agricultural Products & Services,Missouri,166466940.0
BIIB,Biogen,Health Care,Biotechnology,0000875045,Biogen,Health Care,Biotechnology,Massachusetts,146800000.0
BKNG,Booking Holdings,Consumer Discretionary,"Hotels, Resorts & Cruise Lines",0001075531,Booking Holdings,Consumer Discretionary,"Hotels, Resorts & Cruise Lines",Connecticut,32639000.0
BKR,Baker Hughes,Energy,Oil & Gas Equipment & Services,0001701605,Baker Hughes,Energy,Oil & Gas Equipment & Services,Texas,
BLDR,Builders FirstSource,Industrials,Building Products,0001316835,Builders FirstSource,Industrials,Building Products,Texas,110585000.0
BLK,BlackRock,Financials,Asset Management & Custody Banks,0002012383,BlackRock,Financials,Asset Management & Custody Banks,New York,155069171.0
BMY,Bristol Myers Squibb,Health Care,Pharmaceuticals,0000014272,Bristol Myers Squibb,Health Care,Pharmaceuticals,New York,2039000000.0
BNY,BNY Mellon,Financials,Asset Management & Custody Banks,0001390777,BNY Mellon,Financials,Asset Management & Custody Banks,New York,688236337.0
BR,Broadridge Financial Solutions,Industrials,Data Processing & Outsourced Services,0001383312,Broadridge Financial Solutions,Industrials,Data Processing & Outsourced Services,New York,117100000.0
BRK.B,Berkshire Hathaway,Financials,Multi-Sector Holdings,0001067983,Berkshire Hathaway,Financials,Multi-Sector Holdings,Nebraska,
BRO,Brown & Brown,Financials,Insurance Brokers,0000079282,Brown & Brown,Financials,Insurance Brokers,Florida,336000000.0
BSX,Boston Scientific,Health Care,Health Care Equipment,0000885725,Boston Scientific,Health Care,Health Care Equipment,Massachusetts,1494500000.0
BX,Blackstone Inc.,Financials,Asset Management & Custody Banks,0001393818,Blackstone Inc.,Financials,Asset Management & Custody Banks,New York,748688068.0
BXP,"BXP, Inc.",Real Estate,Office REITs,0001037540,"BXP, Inc.",Real Estate,Office REITs,Massachusetts,158548298.0
C,Citigroup,Financials,Diversified Banks,0000831001,Citigroup,Financials,Diversified Banks,New York,1873100000.0
CAH,Cardinal Health,Health Care,Health Care Distributors,0000721371,Cardinal Health,Health Care,Health Care Distributors,Ohio,242000000.0
CARR,Carrier Global,Industrials,Building Products,0001783180,Carrier Global,Industrials,Building Products,Florida,836141122.0
CASY,Casey's,Consumer Staples,Food Retail,0000726958,Casey's,Consumer Staples,Food Retail,Iowa,36904285.0
CAT,Caterpillar Inc.,Industrials,Construction Machinery & Heavy Transportation Equipment,0000018230,Caterpillar Inc.,Industrials,Construction Machinery & Heavy Transportation Equipment,Texas,465300000.0
CB,Chubb Limited,Financials,Property & Casualty Insurance,0000896159,Chubb Limited,Financials,Property & Casualty Insurance,Switzerland,391101227.0
CBOE,Cboe Global Markets,Financials,Financial Exchanges & Data,0001374310,Cboe Global Markets,Financials,Financial Exchanges & Data,Illinois,104647739.0
CBRE,CBRE Group,Real Estate,Real Estate Services,0001138118,CBRE Group,Real Estate,Real Estate Services,Texas,295731478.0
CCI,Crown Castle,Real Estate,Telecom Tower REITs,0001051470,Crown Castle,Real Estate,Telecom Tower REITs,Texas,435000000.0
CCL,Carnival Corporation,Consumer Discretionary,"Hotels, Resorts & Cruise Lines",0000815097,Carnival Corporation,Consumer Discretionary,"Hotels, Resorts & Cruise Lines",Florida,1402000000.0
CDNS,Cadence Design Systems,Information Technology,Application Software,0000813672,Cadence Design Systems,Information Technology,Application Software,California,271799000.0
CDW,CDW Corporation,Information Technology,Technology Distributors,0001402057,CDW Corporation,Information Technology,Technology Distributors,Illinois,129400000.0
CEG,Constellation Energy,Utilities,Electric Utilities,0001868275,Constellation Energy,Utilities,Electric Utilities,Maryland,312000000.0
CF,CF Industries,Materials,Fertilizers & Agricultural Chemicals,0001324404,CF Industries,Materials,Fertilizers & Agricultural Chemicals,Illinois,153552162.0
CFG,Citizens Financial Group,Financials,Regional Banks,0000759944,Citizens Financial Group,Financials,Regional Banks,Rhode Island,429242174.0
CHD,Church & Dwight,Consumer Staples,Household Products,0000313927,Church & Dwight,Consumer Staples,Household Products,New Jersey,244300000.0
CHRW,C.H. Robinson,Industrials,Air Freight & Logistics,0001043277,C.H. Robinson,Industrials,Air Freight & Logistics,Minnesota,118429000.0
CHTR,Charter Communications,Communication Services,Cable & Satellite,0001091667,Charter Communications,Communication Services,Cable & Satellite,Connecticut,137743676.0
CI,Cigna,Health Care,Health Care Services,0001739940,Cigna,Health Care,Health Care Services,Connecticut,263464000.0
CIEN,Ciena,Information Technology,Communications Equipment,0000936395,Ciena,Information Technology,Communications Equipment,Maryland,141016300.0
CINF,Cincinnati Financial,Financials,Property & Casualty Insurance,0000020286,Cincinnati Financial,Financials,Property & Casualty Insurance,Ohio,157700000.0
CL,Colgate-Palmolive,Consumer Staples,Household Products,0000021665,Colgate-Palmolive,Consumer Staples,Household Products,New York,801239524.0
CLX,Clorox,Consumer Staples,Household Products,0000021076,Clorox,Consumer Staples,Household Products,California,122694263.0
CMCSA,Comcast,Communication Services,Cable & Satellite,0001166691,Comcast,Communication Services,Cable & Satellite,Pennsylvania,3709000000.0
CME,CME Group,Financials,Financial Exchanges & Data,0001156375,CME Group,Financials,Financial Exchanges & Data,Illinois,360310000.0
CMG,Chipotle Mexican Grill,Consumer Discretionary,Restaurants,0001058090,Chipotle Mexican Grill,Consumer Discretionary,Restaurants,California,1342616000.0
CMI,Cummins,Industrials,Construction Machinery & Heavy Transportation Equipment,0000026172,Cummins,Industrials,Construction Machinery & Heavy Transportation Equipment,Indiana,138700000.0
CMS,CMS Energy,Utilities,Multi-Utilities,0000811156,CMS Energy,Utilities,Multi-Utilities,Michigan,306400000.0
CNC,Centene Corporation,Health Care,Managed Health Care,0001071739,Centene Corporation,Health Care,Managed Health Care,Missouri,491757000.0
CNP,CenterPoint Energy,Utilities,Multi-Utilities,0001130310,CenterPoint Energy,Utilities,Multi-Utilities,Texas,652869575.0
COF,Capital One,Financials,Consumer Finance,0000927628,Capital One,Financials,Consumer Finance,Virginia,625102271.0
COHR,Coherent Corp.,Information Technology,Electronic Components,0000820318,Coherent Corp.,Information Technology,Electronic Components,Pennsylvania,154755000.0
COIN,Coinbase,Financials,Financial Exchanges & Data,0001679788,Coinbase,Financials,Financial Exchanges & Data,New York,267836000.0
COO,Cooper Companies (The),Health Care,Health Care Supplies,0000711404,Cooper Companies (The),Health Care,Health Care Supplies,California,195900000.0
COP,ConocoPhillips,Energy,Oil & Gas Exploration & Production,0001163165,ConocoPhillips,Energy,Oil & Gas Exploration & Production,Texas,1253446000.0
COR,Cencora,Health Care,Health Care Distributors,0001140859,Cencora,Health Care,Health Care Distributors,Pennsylvania,193937673.0
COST,Costco,Consumer Staples,Consumer Staples Merchandise Retail,0000909832,Costco,Consumer Staples,Consumer Staples Merchandise Retail,Washington,443237000.0
CPAY,Corpay,Financials,Transaction & Payment Processing Services,0001175454,Corpay,Financials,Transaction & Payment Processing Services,Georgia,68362289.0
CPRT,Copart,Industrials,Diversified Support Services,0000900075,Copart,Industrials,Diversified Support Services,Texas,967478690.0
CPT,Camden Property Trust,Real Estate,Multi-Family Residential REITs,0000906345,Camden Property Trust,Real Estate,Multi-Family Residential REITs,Texas,104300000.0
CRH,CRH plc,Materials,Construction Materials,0000849395,CRH plc,Materials,Construction Materials,Ireland,706946142.0
CRL,Charles River Laboratories,Health Care,Life Sciences Tools & Services,0001100682,Charles River Laboratories,Health Care,Life Sciences Tools & Services,Massachusetts,49217000.0
CRM,Salesforce,Information Technology,Application Software,0001108524,Salesforce,Information Technology,Application Software,California,929000000.0
CRWD,CrowdStrike,Information Technology,Systems Software,0001535527,CrowdStrike,Information Technology,Systems Software,Texas,250576000.0
CSCO,Cisco,Information Technology,Communications Equipment,0000858877,Cisco,Information Technology,Communications Equipment,California,3960000000.0
CSGP,CoStar Group,Real Estate,Real Estate Services,0001057352,CoStar Group,Real Estate,Real Estate Services,D.C.,417900000.0
CSX,CSX Corporation,Industrials,Rail Transportation,0000277948,CSX Corporation,Industrials,Rail Transportation,Florida,1860000000.0
CTAS,Cintas,Industrials,Diversified Support Services,0000723254,Cintas,Industrials,Diversified Support Services,Ohio,400147000.0
CTSH,Cognizant,Information Technology,IT Consulting & Other Services,0001058290,Cognizant,Information Technology,IT Consulting & Other Services,New Jersey,479000000.0
CTVA,Corteva,Materials,Fertilizers & Agricultural Chemicals,0001755672,Corteva,Materials,Fertilizers & Agricultural Chemicals,Indiana,672163000.0
CVNA,Carvana,Consumer Discretionary,Automotive Retail,0001690820,Carvana,Consumer Discretionary,Automotive Retail,Arizona,224277000.0
CVS,CVS Health,Health Care,Health Care Services,0000064803,CVS Health,Health Care,Health Care Services,Rhode Island,1271000000.0
CVX,Chevron Corporation,Energy,Integrated Oil & Gas,0000093410,Chevron Corporation,Energy,Integrated Oil & Gas,Texas,1856000000.0
D,Dominion Energy,Utilities,Multi-Utilities,0000715957,Dominion Energy,Utilities,Multi-Utilities,Virginia,879000000.0
DAL,Delta Air Lines,Industrials,Passenger Airlines,0000027904,Delta Air Lines,Industrials,Passenger Airlines,Georgia,654000000.0
DASH,DoorDash,Consumer Discretionary,Specialized Consumer Services,0001792789,DoorDash,Consumer Discretionary,Specialized Consumer Services,California,439686000.0
DD,DuPont,Industrials,Industrial Conglomerates,0001666700,DuPont,Industrials,Industrial Conglomerates,Delaware,419200000.0
DDOG,Datadog,Information Technology,Application Software,0001561550,Datadog,Information Technology,Application Software,New York,363472000.0
DE,Deere & Company,Industrials,Agricultural & Farm Machinery,0000315189,Deere & Company,Industrials,Agricultural & Farm Machinery,Illinois,270400000.0
DECK,Deckers Brands,Consumer Discretionary,Footwear,0000910521,Deckers Brands,Consumer Discretionary,Footwear,California,139978000.0
DELL,Dell Technologies,Information Technology,"Technology Hardware, Storage & Peripherals",0001571996,Dell Technologies,Information Technology,"Technology Hardware, Storage & Peripherals",Texas,652000000.0
DG,Dollar General,Consumer Staples,Consumer Staples Merchandise Retail,0000029534,Dollar General,Consumer Staples,Consumer Staples Merchandise Retail,Tennessee,220222000.0
DGX,Quest Diagnostics,Health Care,Health Care Services,0001022079,Quest Diagnostics,Health Care,Health Care Services,New Jersey,113000000.0
DHI,D. R. Horton,Consumer Discretionary,Homebuilding,0000882184,D. R. Horton,Consumer Discretionary,Homebuilding,Texas,294475153.0
DHR,Danaher Corporation,Health Care,Life Sciences Tools & Services,0000313616,Danaher Corporation,Health Care,Life Sciences Tools & Services,D.C.,706900000.0
DIS,Walt Disney Company (The),Communication Services,Movies & Entertainment,0001744489,Walt Disney Company (The),Communication Services,Movies & Entertainment,California,1900000000.0
DLR,Digital Realty,Real Estate,Data Center REITs,0001297996,Digital Realty,Real Estate,Data Center REITs,Texas,343557000.0
DLTR,Dollar Tree,Consumer Staples,Consumer Staples Merchandise Retail,0000935703,Dollar Tree,Consumer Staples,Consumer Staples Merchandise Retail,Virginia,198505205.0
DOC,Healthpeak Properties,Real Estate,Health Care REITs,0000765880,Healthpeak Properties,Real Estate,Health Care REITs,Colorado,695036731.0
DOV,Dover Corporation,Industrials,Industrial Machinery & Supplies & Components,0000029905,Dover Corporation,Industrials,Industrial Machinery & Supplies & Components,Illinois,137777000.0
DOW,Dow Inc.,Materials,Commodity Chemicals,0001751788,Dow Inc.,Materials,Commodity Chemicals,Michigan,711600000.0
DPZ,Domino's,Consumer Discretionary,Restaurants,0001286681,Domino's,Consumer Discretionary,Restaurants,Michigan,33627992.0
DRI,Darden Restaurants,Consumer Discretionary,Restaurants,0000940944,Darden Restaurants,Consumer Discretionary,Restaurants,Florida,114100000.0
DTE,DTE Energy,Utilities,Multi-Utilities,0000936340,DTE Energy,Utilities,Multi-Utilities,Michigan,207745154.0
DUK,Duke Energy,Utilities,Electric Utilities,0001326160,Duke Energy,Utilities,Electric Utilities,North Carolina,778000000.0
DVA,DaVita,Health Care,Health Care Services,0000927066,DaVita,Health Care,Health Care Services,Colorado,68549000.0
DVN,Devon Energy,Energy,Oil & Gas Exploration & Production,0001090012,Devon Energy,Energy,Oil & Gas Exploration & Production,Oklahoma,633000000.0
DXCM,Dexcom,Health Care,Health Care Equipment,0001093557,Dexcom,Health Care,Health Care Equipment,California,384800000.0
EBAY,eBay Inc.,Consumer Discretionary,Broadline Retail,0001065088,eBay Inc.,Consumer Discretionary,Broadline Retail,California,449000000.0
ECHO,EchoStar,Communication Services,Wireless Telecommunication Services,0001415404,EchoStar,Communication Services,Wireless Telecommunication Services,Colorado,287589000.0
ECL,Ecolab,Materials,Specialty Chemicals,0000031462,Ecolab,Materials,Specialty Chemicals,Minnesota,282000000.0
ED,Consolidated Edison,Utilities,Multi-Utilities,0001047862,Consolidated Edison,Utilities,Multi-Utilities,New York,361121447.0
EFX,Equifax,Industrials,Research & Consulting Services,0000033185,Equifax,Industrials,Research & Consulting Services,Georgia,120400000.0
EG,Everest Group,Financials,Reinsurance,0001095073,Everest Group,Financials,Reinsurance,Bermuda,74400000.0
EIX,Edison International,Utilities,Electric Utilities,0000827052,Edison International,Utilities,Electric Utilities,California,384787056.0
EL,Estée Lauder Companies (The),Consumer Staples,Personal Care Products,0001001250,Estée Lauder Companies (The),Consumer Staples,Personal Care Products,New York,360100000.0
ELV,Elevance Health,Health Care,Managed Health Care,0001156039,Elevance Health,Health Care,Managed Health Care,Indiana,220723898.0
EME,Emcor,Industrials,Construction & Engineering,0000105634,Emcor,Industrials,Construction & Engineering,Connecticut,44520367.0
EMR,Emerson Electric,Industrials,Electrical Components & Equipment,0000032604,Emerson Electric,Industrials,Electrical Components & Equipment,Missouri,562800000.0
EOG,EOG Resources,Energy,Oil & Gas Exploration & Production,0000821189,EOG Resources,Energy,Oil & Gas Exploration & Production,Texas,546000000.0
EQIX,Equinix,Real Estate,Data Center REITs,0001101239,Equinix,Real Estate,Data Center REITs,California,98226000.0
EQT,EQT Corporation,Energy,Oil & Gas Exploration & Production,0000033213,EQT Corporation,Energy,Oil & Gas Exploration & Production,Pennsylvania,615717000.0
ERIE,Erie Indemnity,Financials,Insurance Brokers,0000922621,Erie Indemnity,Financials,Insurance Brokers,Pennsylvania,
ES,Eversource Energy,Utilities,Electric Utilities,0000072741,Eversource Energy,Utilities,Electric Utilities,Connecticut,375416880.0
ESS,Essex Property Trust,Real Estate,Multi-Family Residential REITs,0000920522,Essex Property Trust,Real Estate,Multi-Family Residential REITs,California,64442290.0
ETN,Eaton Corporation,Industrials,Electrical Components & Equipment,0001551182,Eaton Corporation,Industrials,Electrical Components & Equipment,Ireland,387900000.0
ETR,Entergy,Utilities,Electric Utilities,0000065984,Entergy,Utilities,Electric Utilities,Louisiana,450151884.0
EVRG,Evergy,Utilities,Electric Utilities,0001711269,Evergy,Utilities,Electric Utilities,Missouri,233600000.0
EW,Edwards Lifesciences,Health Care,Health Care Equipment,0001099800,Edwards Lifesciences,Health Care,Health Care Equipment,California,580700000.0
EXC,Exelon,Utilities,Electric Utilities,0001109357,Exelon,Utilities,Electric Utilities,Illinois,1023000000.0
EXE,Expand Energy,Energy,Oil & Gas Exploration & Production,0000895126,Expand Energy,Energy,Oil & Gas Exploration & Production,Oklahoma,240370000.0
EXPD,Expeditors International,Industrials,Air Freight & Logistics,0000746515,Expeditors International,Industrials,Air Freight & Logistics,Washington,133884000.0
EXPE,Expedia Group,Consumer Discretionary,"Hotels, Resorts & Cruise Lines",0001324424,Expedia Group,Consumer Discretionary,"Hotels, Resorts & Cruise Lines",Washington,116975000.0
EXR,Extra Space Storage,Real Estate,Self-Storage REITs,0001289490,Extra Space Storage,Real Estate,Self-Storage REITs,Utah,211155322.0
F,Ford Motor Company,Consumer Discretionary,Automobile Manufacturers,0000037996,Ford Motor Company,Consumer Discretionary,Automobile Manufacturers,Michigan,3979000000.0
FANG,Diamondback Energy,Energy,Oil & Gas Exploration & Production,0001539838,Diamondback Energy,Energy,Oil & Gas Exploration & Production,Texas,284594908.0
FAST,Fastenal,Industrials,Trading Companies & Distributors,0000815556,Fastenal,Industrials,Trading Companies & Distributors,Minnesota,1148057473.0
FCX,Freeport-McMoRan,Materials,Copper,0000831259,Freeport-McMoRan,Materials,Copper,Arizona,1443000000.0
FDS,FactSet,Financials,Financial Exchanges & Data,0001013237,FactSet,Financials,Financial Exchanges & Data,Connecticut,37645870.0
FDX,FedEx,Industrials,Air Freight & Logistics,0001048911,FedEx,Industrials,Air Freight & Logistics,Tennessee,239000000.0
FDXF,FedEx Freight,Industrials,Cargo Ground Transportation,0002082247,FedEx Freight,Industrials,Cargo Ground Transportation,Tennessee,149505248.0
FE,FirstEnergy,Utilities,Electric Utilities,0001031296,FirstEnergy,Utilities,Electric Utilities,Ohio,577851052.0
FERG,Ferguson Enterprises,Industrials,Trading Companies & Distributors,0002011641,Ferguson Enterprises,Industrials,Trading Companies & Distributors,Virginia,199200000.0
FFIV,"F5, Inc.",Information Technology,Communications Equipment,0001048695,"F5, Inc.",Information Technology,Communications Equipment,Washington,57684000.0
FICO,Fair Isaac,Information Technology,Application Software,0000814547,Fair Isaac,Information Technology,Application Software,Montana,23764000.0
FIS,Fidelity National Information Services,Financials,Transaction & Payment Processing Services,0001136893,Fidelity National Information Services,Financials,Transaction & Payment Processing Services,Florida,525000000.0
FISV,Fiserv,Financials,Transaction & Payment Processing Services,0000798354,Fiserv,Financials,Transaction & Payment Processing Services,Wisconsin,549000000.0
FITB,Fifth Third Bancorp,Financials,Regional Banks,0000035527,Fifth Third Bancorp,Financials,Regional Banks,Ohio,661197787.0
FIX,Comfort Systems USA,Industrials,Construction & Engineering,0001035983,Comfort Systems USA,Industrials,Construction & Engineering,Texas,35177000.0
FLEX,Flex Ltd.,Information Technology,Electronic Manufacturing Services,0000866374,Flex Ltd.,Information Technology,Electronic Manufacturing Services,Texas,365690291.0
FOX,Fox Corporation (Class B),Communication Services,Broadcasting,0001754301,Fox Corporation (Class B),Communication Services,Broadcasting,New York,461000000.0
FRT,Federal Realty Investment Trust,Real Estate,Retail REITs,0000034903,Federal Realty Investment Trust,Real Estate,Retail REITs,Maryland,86266009.0
FSLR,First Solar,Information Technology,Semiconductors,0001274494,First Solar,Information Technology,Semiconductors,Arizona,107309794.0
FTNT,Fortinet,Information Technology,Systems Software,0001262039,Fortinet,Information Technology,Systems Software,California,743000000.0
FTV,Fortive,Industrials,Industrial Machinery & Supplies & Components,0001659166,Fortive,Industrials,Industrial Machinery & Supplies & Components,Washington,313400000.0
GD,General Dynamics,Industrials,Aerospace & Defense,0000040533,General Dynamics,Industrials,Aerospace & Defense,Virginia,270389759.0
GDDY,GoDaddy,Information Technology,Internet Services & Infrastructure,0001609711,GoDaddy,Information Technology,Internet Services & Infrastructure,Arizona,134737000.0
GE,GE Aerospace,Industrials,Aerospace & Defense,0000040545,GE Aerospace,Industrials,Aerospace & Defense,Ohio,1048766702.0
GEHC,GE HealthCare,Health Care,Health Care Equipment,0001932393,GE HealthCare,Health Care,Health Care Equipment,Illinois,458000000.0
GEN,Gen Digital,Information Technology,Systems Software,0000849399,Gen Digital,Information Technology,Systems Software,Arizona,598000000.0
GEV,GE Vernova,Industrials,Heavy Electrical Equipment,0001996810,GE Vernova,Industrials,Heavy Electrical Equipment,Massachusetts,269529464.0
GILD,Gilead Sciences,Health Care,Biotechnology,0000882095,Gilead Sciences,Health Care,Biotechnology,California,1241000000.0
GIS,General Mills,Consumer Staples,Packaged Foods & Meats,0000040704,General Mills,Consumer Staples,Packaged Foods & Meats,Minnesota,537700000.0
GL,Globe Life,Financials,Life & Health Insurance,0000320335,Globe Life,Financials,Life & Health Insurance,Texas,92218183.0
GLW,Corning Inc.,Information Technology,Electronic Components,0000024741,Corning Inc.,Information Technology,Electronic Components,New York,871000000.0
GM,General Motors,Consumer Discretionary,Automobile Manufacturers,0001467858,General Motors,Consumer Discretionary,Automobile Manufacturers,Michigan,904000000.0
GNRC,Generac,Industrials,Heavy Electrical Equipment,0001474735,Generac,Industrials,Heavy Electrical Equipment,Wisconsin,59275781.0
GOOGL,Alphabet Inc. (Class A),Communication Services,Interactive Media & Services,0001652044,Alphabet Inc. (Class A),Communication Services,Interactive Media & Services,California,12088000000.0
GPC,Genuine Parts Company,Consumer Discretionary,Distributors,0000040987,Genuine Parts Company,Consumer Discretionary,Distributors,Georgia,137617832.0
GPN,Global Payments,Financials,Transaction & Payment Processing Services,0001123360,Global Payments,Financials,Transaction & Payment Processing Services,Georgia,236692592.0
GRMN,Garmin,Consumer Discretionary,Consumer Electronics,0001121788,Garmin,Consumer Discretionary,Consumer Electronics,Switzerland,192620000.0
GS,Goldman Sachs,Financials,Investment Banking & Brokerage,0000886982,Goldman Sachs,Financials,Investment Banking & Brokerage,New York,296476742.0
GWW,W. W. Grainger,Industrials,Industrial Machinery & Supplies & Components,0000277135,W. W. Grainger,Industrials,Industrial Machinery & Supplies & Components,Illinois,48000000.0
HAL,Halliburton,Energy,Oil & Gas Equipment & Services,0000045012,Halliburton,Energy,Oil & Gas Equipment & Services,Texas,835000000.0
HAS,Hasbro,Consumer Discretionary,Leisure Products,0000046080,Hasbro,Consumer Discretionary,Leisure Products,Rhode Island,140200000.0
HBAN,Huntington Bancshares,Financials,Regional Banks,0000049196,Huntington Bancshares,Financials,Regional Banks,Michigan,1567732506.0
HCA,HCA Healthcare,Health Care,Health Care Facilities,0000860730,HCA Healthcare,Health Care,Health Care Facilities,Tennessee,224605100.0
HD,Home Depot (The),Consumer Discretionary,Home Improvement Retail,0000354950,Home Depot (The),Consumer Discretionary,Home Improvement Retail,Georgia,996000000.0
HIG,Hartford (The),Financials,Property & Casualty Insurance,0000874766,Hartford (The),Financials,Property & Casualty Insurance,Connecticut,286500000.0
HII,Huntington Ingalls Industries,Industrials,Aerospace & Defense,0001501585,Huntington Ingalls Industries,Industrials,Aerospace & Defense,Virginia,39241527.0
HLT,Hilton Worldwide,Consumer Discretionary,"Hotels, Resorts & Cruise Lines",0001585689,Hilton Worldwide,Consumer Discretionary,"Hotels, Resorts & Cruise Lines",Virginia,230433192.0
HON,Honeywell Technologies,Industrials,Industrial Conglomerates,0000773840,Honeywell Technologies,Industrials,Industrial Conglomerates,North Carolina,635300000.0
HONA,Honeywell Aerospace,Industrials,Aerospace & Defense,0002089271,Honeywell Aerospace,Industrials,Aerospace & Defense,Arizona,
HOOD,Robinhood Markets,Financials,Investment Banking & Brokerage,0001783879,Robinhood Markets,Financials,Investment Banking & Brokerage,California,918781846.0
HPE,Hewlett Packard Enterprise,Information Technology,"Technology Hardware, Storage & Peripherals",0001645590,Hewlett Packard Enterprise,Information Technology,"Technology Hardware, Storage & Peripherals",Texas,1318292428.0
HPQ,HP Inc.,Information Technology,"Technology Hardware, Storage & Peripherals",0000047217,HP Inc.,Information Technology,"Technology Hardware, Storage & Peripherals",California,921000000.0
HRL,Hormel Foods,Consumer Staples,Packaged Foods & Meats,0000048465,Hormel Foods,Consumer Staples,Packaged Foods & Meats,Minnesota,550496000.0
HSIC,Henry Schein,Health Care,Health Care Distributors,0001000228,Henry Schein,Health Care,Health Care Distributors,New York,115771149.0
HST,Host Hotels & Resorts,Real Estate,Hotel & Resort REITs,0001070750,Host Hotels & Resorts,Real Estate,Hotel & Resort REITs,Maryland,687800000.0
HSY,Hershey Company (The),Consumer Staples,Packaged Foods & Meats,0000047111,Hershey Company (The),Consumer Staples,Packaged Foods & Meats,Pennsylvania,202839656.0
HUBB,Hubbell Incorporated,Industrials,Industrial Machinery & Supplies & Components,0000048898,Hubbell Incorporated,Industrials,Industrial Machinery & Supplies & Components,Connecticut,53253805.0
HUM,Humana,Health Care,Managed Health Care,0000049071,Humana,Health Care,Managed Health Care,Kentucky,120826000.0
HWM,Howmet Aerospace,Industrials,Aerospace & Defense,0000004281,Howmet Aerospace,Industrials,Aerospace & Defense,Pennsylvania,401620565.0
IBKR,Interactive Brokers,Financials,Investment Banking & Brokerage,0001381197,Interactive Brokers,Financials,Investment Banking & Brokerage,Connecticut,443859546.0
IBM,IBM,Information Technology,IT Consulting & Other Services,0000051143,IBM,Information Technology,IT Consulting & Other Services,New York,936952129.0
ICE,Intercontinental Exchange,Financials,Financial Exchanges & Data,0001571949,Intercontinental Exchange,Financials,Financial Exchanges & Data,Georgia,567000000.0
IDXX,Idexx Laboratories,Health Care,Health Care Equipment,0000874716,Idexx Laboratories,Health Care,Health Care Equipment,Maine,79712000.0
IEX,IDEX Corporation,Industrials,Industrial Machinery & Supplies & Components,0000832101,IDEX Corporation,Industrials,Industrial Machinery & Supplies & Components,Illinois,75300000.0
IFF,International Flavors & Fragrances,Materials,Specialty Chemicals,0000051253,International Flavors & Fragrances,Materials,Specialty Chemicals,New York,255700000.0
INCY,Incyte,Health Care,Biotechnology,0000879169,Incyte,Health Care,Biotechnology,Delaware,198460009.0
INTC,Intel,Information Technology,Semiconductors,0000050863,Intel,Information Technology,Semiconductors,California,4994000000.0
INTU,Intuit,Information Technology,Application Software,0000896878,Intuit,Information Technology,Application Software,California,279129000.0
INVH,Invitation Homes,Real Estate,Single-Family Residential REITs,0001687229,Invitation Homes,Real Estate,Single-Family Residential REITs,Texas,610788732.0
IP,International Paper,Materials,Paper & Plastic Packaging Products & Materials,0000051434,International Paper,Materials,Paper & Plastic Packaging Products & Materials,Tennessee,627000000.0
IQV,IQVIA,Health Care,Life Sciences Tools & Services,0001478242,IQVIA,Health Care,Life Sciences Tools & Services,North Carolina,169600000.0
IR,Ingersoll Rand,Industrials,Industrial Machinery & Supplies & Components,0001699150,Ingersoll Rand,Industrials,Industrial Machinery & Supplies & Components,North Carolina,391121689.0
IRM,Iron Mountain,Real Estate,Other Specialized REITs,0001020569,Iron Mountain,Real Estate,Other Specialized REITs,New Hampshire,295788645.0
ISRG,Intuitive Surgical,Health Care,Health Care Equipment,0001035267,Intuitive Surgical,Health Care,Health Care Equipment,California,355100000.0
IT,Gartner,Information Technology,IT Consulting & Other Services,0000749251,Gartner,Information Technology,IT Consulting & Other Services,Connecticut,75605000.0
ITW,Illinois Tool Works,Industrials,Industrial Machinery & Supplies & Components,0000049826,Illinois Tool Works,Industrials,Industrial Machinery & Supplies & Components,Illinois,288600000.0
IVZ,Invesco,Financials,Asset Management & Custody Banks,0000914208,Invesco,Financials,Asset Management & Custody Banks,Georgia,444000000.0
J,Jacobs Solutions,Industrials,Construction & Engineering,0000052988,Jacobs Solutions,Industrials,Construction & Engineering,Texas,119081294.0
JBHT,J.B. Hunt,Industrials,Cargo Ground Transportation,0000728535,J.B. Hunt,Industrials,Cargo Ground Transportation,Arkansas,94594725.0
JBL,Jabil,Information Technology,Electronic Manufacturing Services,0000898293,Jabil,Information Technology,Electronic Manufacturing Services,Florida,107480895.0
JCI,Johnson Controls,Industrials,Building Products,0000833444,Johnson Controls,Industrials,Building Products,Ireland,654100000.0
JKHY,Jack Henry & Associates,Financials,Transaction & Payment Processing Services,0000779152,Jack Henry & Associates,Financials,Transaction & Payment Processing Services,Missouri,73045000.0
JNJ,Johnson & Johnson,Health Care,Pharmaceuticals,0000200406,Johnson & Johnson,Health Care,Pharmaceuticals,New Jersey,2429400000.0
JPM,JPMorgan Chase,Financials,Diversified Banks,0000019617,JPMorgan Chase,Financials,Diversified Banks,New York,2696200000.0
KDP,Keurig Dr Pepper,Consumer Staples,Soft Drinks & Non-alcoholic Beverages,0001418135,Keurig Dr Pepper,Consumer Staples,Soft Drinks & Non-alcoholic Beverages,Massachusetts,1358663795.0
KEY,KeyCorp,Financials,Regional Banks,0000091576,KeyCorp,Financials,Regional Banks,Ohio,1107994000.0
KEYS,Keysight Technologies,Information Technology,Electronic Equipment & Instruments,0001601046,Keysight Technologies,Information Technology,Electronic Equipment & Instruments,California,173000000.0
KHC,Kraft Heinz,Consumer Staples,Packaged Foods & Meats,0001637459,Kraft Heinz,Consumer Staples,Packaged Foods & Meats,Pennsylvania,1184000000.0
KIM,Kimco Realty,Real Estate,Retail REITs,0000879101,Kimco Realty,Real Estate,Retail REITs,New York,674093047.0
KKR,KKR & Co.,Financials,Asset Management & Custody Banks,0001404912,KKR & Co.,Financials,Asset Management & Custody Banks,New York,891451844.0
KLAC,KLA Corporation,Information Technology,Semiconductor Materials & Equipment,0000319201,KLA Corporation,Information Technology,Semiconductor Materials & Equipment,California,1320227000.0
KMB,Kimberly-Clark,Consumer Staples,Household Products,0000055785,Kimberly-Clark,Consumer Staples,Household Products,Texas,331900000.0
KMI,Kinder Morgan,Energy,Oil & Gas Storage & Transportation,0001506307,Kinder Morgan,Energy,Oil & Gas Storage & Transportation,Texas,2224777750.0
KO,Coca-Cola Company (The),Consumer Staples,Soft Drinks & Non-alcoholic Beverages,0000021344,Coca-Cola Company (The),Consumer Staples,Soft Drinks & Non-alcoholic Beverages,Georgia,4313000000.0
KR,Kroger,Consumer Staples,Food Retail,0000056873,Kroger,Consumer Staples,Food Retail,Ohio,655000000.0
KVUE,Kenvue,Consumer Staples,Personal Care Products,0001944048,Kenvue,Consumer Staples,Personal Care Products,New Jersey,1916115445.0
L,Loews Corporation,Financials,Multi-line Insurance,0000060086,Loews Corporation,Financials,Multi-line Insurance,New York,209100000.0
LDOS,Leidos,Industrials,Diversified Support Services,0001336920,Leidos,Industrials,Diversified Support Services,Virginia,126380657.0
LEN,Lennar,Consumer Discretionary,Homebuilding,0000920760,Lennar,Consumer Discretionary,Homebuilding,Florida,
LH,Labcorp,Health Care,Health Care Services,0000920148,Labcorp,Health Care,Health Care Services,North Carolina,82200000.0
LHX,L3Harris,Industrials,Aerospace & Defense,0000202058,L3Harris,Industrials,Aerospace & Defense,Florida,186844093.0
LII,Lennox International,Industrials,Building Products,0001069202,Lennox International,Industrials,Building Products,Texas,35400000.0
LIN,Linde plc,Materials,Industrial Gases,0001707925,Linde plc,Materials,Industrial Gases,United Kingdom,472195000.0
LITE,Lumentum,Information Technology,Communications Equipment,0001633978,Lumentum,Information Technology,Communications Equipment,California,69800000.0
LLY,Lilly (Eli),Health Care,Pharmaceuticals,0000059478,Lilly (Eli),Health Care,Pharmaceuticals,Indiana,899300000.0
LMT,Lockheed Martin,Industrials,Aerospace & Defense,0000936468,Lockheed Martin,Industrials,Aerospace & Defense,Maryland,229000000.0
LNT,Alliant Energy,Utilities,Electric Utilities,0000352541,Alliant Energy,Utilities,Electric Utilities,Wisconsin,257137261.0
LOW,Lowe's,Consumer Discretionary,Home Improvement Retail,0000060667,Lowe's,Consumer Discretionary,Home Improvement Retail,North Carolina,561000000.0
LRCX,Lam Research,Information Technology,Semiconductor Materials & Equipment,0000707549,Lam Research,Information Technology,Semiconductor Materials & Equipment,California,1268740000.0
LULU,Lululemon Athletica,Consumer Discretionary,"Apparel, Accessories & Luxury Goods",0001397187,Lululemon Athletica,Consumer Discretionary,"Apparel, Accessories & Luxury Goods",Canada,111380000.0
LUV,Southwest Airlines,Industrials,Passenger Airlines,0000092380,Southwest Airlines,Industrials,Passenger Airlines,Texas,558000000.0
LVS,Las Vegas Sands,Consumer Discretionary,Casinos & Gaming,0001300514,Las Vegas Sands,Consumer Discretionary,Casinos & Gaming,Nevada,675000000.0
LYB,LyondellBasell,Materials,Specialty Chemicals,0001489393,LyondellBasell,Materials,Specialty Chemicals,Netherlands,322084769.0
LYV,Live Nation Entertainment,Communication Services,Movies & Entertainment,0001335258,Live Nation Entertainment,Communication Services,Movies & Entertainment,California,235421446.0
MA,Mastercard,Financials,Transaction & Payment Processing Services,0001141391,Mastercard,Financials,Transaction & Payment Processing Services,New York,906000000.0
MAA,Mid-America Apartment Communities,Real Estate,Multi-Family Residential REITs,0000912595,Mid-America Apartment Communities,Real Estate,Multi-Family Residential REITs,Tennessee,116878077.0
MAR,Marriott International,Consumer Discretionary,"Hotels, Resorts & Cruise Lines",0001048286,Marriott International,Consumer Discretionary,"Hotels, Resorts & Cruise Lines",Maryland,265864771.0
MAS,Masco,Industrials,Building Products,0000062996,Masco,Industrials,Building Products,Michigan,204300000.0
MCD,McDonald's,Consumer Discretionary,Restaurants,0000063908,McDonald's,Consumer Discretionary,Restaurants,Illinois,716.4
MCHP,Microchip Technology,Information Technology,Semiconductors,0000827054,Microchip Technology,Information Technology,Semiconductors,Arizona,542079011.0
MCK,McKesson Corporation,Health Care,Health Care Distributors,0000927653,McKesson Corporation,Health Care,Health Care Distributors,Texas,124100000.0
MCO,Moody's Corporation,Financials,Financial Exchanges & Data,0001059556,Moody's Corporation,Financials,Financial Exchanges & Data,New York,179900000.0
MDLZ,Mondelez International,Consumer Staples,Packaged Foods & Meats,0001103982,Mondelez International,Consumer Staples,Packaged Foods & Meats,Illinois,1298000000.0
MDT,Medtronic,Health Care,Health Care Equipment,0001613103,Medtronic,Health Care,Health Care Equipment,Ireland,1280177293.0
MET,MetLife,Financials,Life & Health Insurance,0001099219,MetLife,Financials,Life & Health Insurance,New York,655333773.0
META,Meta Platforms,Communication Services,Interactive Media & Services,0001326801,Meta Platforms,Communication Services,Interactive Media & Services,California,2574000000.0
MGM,MGM Resorts,Consumer Discretionary,Casinos & Gaming,0000789570,MGM Resorts,Consumer Discretionary,Casinos & Gaming,Nevada,258323143.0
MKC,McCormick & Company,Consumer Staples,Packaged Foods & Meats,0000063754,McCormick & Company,Consumer Staples,Packaged Foods & Meats,Maryland,269400000.0
MLM,Martin Marietta Materials,Materials,Construction Materials,0000916076,Martin Marietta Materials,Materials,Construction Materials,North Carolina,60309739.0
MMM,3M,Industrials,Industrial Conglomerates,0000066740,3M,Industrials,Industrial Conglomerates,Minnesota,530279131.0
MNST,Monster Beverage,Consumer Staples,Soft Drinks & Non-alcoholic Beverages,0000865752,Monster Beverage,Consumer Staples,Soft Drinks & Non-alcoholic Beverages,California,978113000.0
MO,Altria,Consumer Staples,Tobacco,0000764180,Altria,Consumer Staples,Tobacco,Virginia,1674318297.0
MOS,Mosaic Company (The),Materials,Fertilizers & Agricultural Chemicals,0001285785,Mosaic Company (The),Materials,Fertilizers & Agricultural Chemicals,Florida,317408647.0
MPC,Marathon Petroleum,Energy,Oil & Gas Refining & Marketing,0001510295,Marathon Petroleum,Energy,Oil & Gas Refining & Marketing,Ohio,306000000.0
MPWR,Monolithic Power Systems,Information Technology,Semiconductors,0001280452,Monolithic Power Systems,Information Technology,Semiconductors,Washington,47892000.0
MRK,Merck & Co.,Health Care,Pharmaceuticals,0000310158,Merck & Co.,Health Care,Pharmaceuticals,New Jersey,2507000000.0
MRNA,Moderna,Health Care,Biotechnology,0001682852,Moderna,Health Care,Biotechnology,Massachusetts,394000000.0
MRSH,Marsh McLennan,Financials,Insurance Brokers,0000062709,Marsh McLennan,Financials,Insurance Brokers,New York,485000000.0
MRVL,Marvell Technology,Information Technology,Semiconductors,0001835632,Marvell Technology,Information Technology,Semiconductors,California,847300000.0
MS,Morgan Stanley,Financials,Investment Banking & Brokerage,0000895421,Morgan Stanley,Financials,Investment Banking & Brokerage,New York,1582834137.0
MSCI,MSCI,Financials,Financial Exchanges & Data,0001408198,MSCI,Financials,Financial Exchanges & Data,New York,73563183.0
MSFT,Microsoft,Information Technology,Systems Software,0000789019,Microsoft,Information Technology,Systems Software,Washington,7434000000.0
MSI,Motorola Solutions,Information Technology,Communications Equipment,0000068505,Motorola Solutions,Information Technology,Communications Equipment,Illinois,165700000.0
MTB,M&T Bank,Financials,Regional Banks,0000036270,M&T Bank,Financials,Regional Banks,New York,158791000.0
MTD,Mettler Toledo,Health Care,Life Sciences Tools & Services,0001037646,Mettler Toledo,Health Care,Life Sciences Tools & Services,Ohio,20359353.0
MU,Micron Technology,Information Technology,Semiconductors,0000723125,Micron Technology,Information Technology,Semiconductors,Idaho,1122000000.0
NCLH,Norwegian Cruise Line Holdings,Consumer Discretionary,"Hotels, Resorts & Cruise Lines",0001513761,Norwegian Cruise Line Holdings,Consumer Discretionary,"Hotels, Resorts & Cruise Lines",Florida,455257489.0
NDAQ,"Nasdaq, Inc.",Financials,Financial Exchanges & Data,0001120193,"Nasdaq, Inc.",Financials,Financial Exchanges & Data,New York,569894024.0
NDSN,Nordson Corporation,Industrials,Industrial Machinery & Supplies & Components,0000072331,Nordson Corporation,Industrials,Industrial Machinery & Supplies & Components,Ohio,55920000.0
NEE,NextEra Energy,Utilities,Multi-Utilities,0000753308,NextEra Energy,Utilities,Multi-Utilities,Florida,2083000000.0
NEM,Newmont,Materials,Gold,0001164727,Newmont,Materials,Gold,Colorado,1089000000.0
NFLX,Netflix,Communication Services,Movies & Entertainment,0001065280,Netflix,Communication Services,Movies & Entertainment,California,4222162150.0
NI,NiSource,Utilities,Multi-Utilities,0001111711,NiSource,Utilities,Multi-Utilities,Indiana,478432058.0
NKE,"Nike, Inc.",Consumer Discretionary,"Apparel, Accessories & Luxury Goods",0000320187,"Nike, Inc.",Consumer Discretionary,"Apparel, Accessories & Luxury Goods",Oregon,1481000000.0
NOC,Northrop Grumman,Industrials,Aerospace & Defense,0001133421,Northrop Grumman,Industrials,Aerospace & Defense,Virginia,141997194.0
NOW,ServiceNow,Information Technology,Systems Software,0001373715,ServiceNow,Information Technology,Systems Software,California,1047278000.0
NRG,NRG Energy,Utilities,Independent Power Producers & Energy Traders,0001013871,NRG Energy,Utilities,Independent Power Producers & Energy Traders,Texas,190376607.0
NSC,Norfolk Southern,Industrials,Rail Transportation,0000702165,Norfolk Southern,Industrials,Rail Transportation,Georgia,224420699.0
NTAP,NetApp,Information Technology,"Technology Hardware, Storage & Peripherals",0001002047,NetApp,Information Technology,"Technology Hardware, Storage & Peripherals",California,196000000.0
NTRS,Northern Trust,Financials,Asset Management & Custody Banks,0000073124,Northern Trust,Financials,Asset Management & Custody Banks,Illinois,186337588.0
NUE,Nucor,Materials,Steel,0000073309,Nucor,Materials,Steel,North Carolina,231000000.0
NVDA,Nvidia,Information Technology,Semiconductors,0001045810,Nvidia,Information Technology,Semiconductors,California,24304000000.0
NVR,"NVR, Inc.",Consumer Discretionary,Homebuilding,0000906163,"NVR, Inc.",Consumer Discretionary,Homebuilding,Virginia,2799387.0
NWS,News Corp (Class B),Communication Services,Publishing,0001564708,News Corp (Class B),Communication Services,Publishing,New York,569900000.0
NXPI,NXP Semiconductors,Information Technology,Semiconductors,0001413447,NXP Semiconductors,Information Technology,Semiconductors,Netherlands,254331000.0
O,Realty Income,Real Estate,Retail REITs,0000726728,Realty Income,Real Estate,Retail REITs,California,933975000.0
ODFL,Old Dominion,Industrials,Cargo Ground Transportation,0000878927,Old Dominion,Industrials,Cargo Ground Transportation,North Carolina,208556788.0
OKE,Oneok,Energy,Oil & Gas Storage & Transportation,0001039684,Oneok,Energy,Oil & Gas Storage & Transportation,Oklahoma,629707691.0
OMC,Omnicom Group,Communication Services,Advertising,0000029989,Omnicom Group,Communication Services,Advertising,New York,313100000.0
ON,ON Semiconductor,Information Technology,Semiconductors,0001097864,ON Semiconductor,Information Technology,Semiconductors,Arizona,396740551.0
ORCL,Oracle Corporation,Information Technology,Application Software,0001341439,Oracle Corporation,Information Technology,Application Software,Texas,2880000000.0
ORLY,O'Reilly Automotive,Consumer Discretionary,Automotive Retail,0000898173,O'Reilly Automotive,Consumer Discretionary,Automotive Retail,Missouri,841909238.0
OTIS,Otis Worldwide,Industrials,Industrial Machinery & Supplies & Components,0001781335,Otis Worldwide,Industrials,Industrial Machinery & Supplies & Components,Connecticut,394900000.0
OXY,Occidental Petroleum,Energy,Oil & Gas Exploration & Production,0000797468,Occidental Petroleum,Energy,Oil & Gas Exploration & Production,Texas,984416165.0
PANW,Palo Alto Networks,Information Technology,Systems Software,0001327567,Palo Alto Networks,Information Technology,Systems Software,California,668000000.0
PAYX,Paychex,Industrials,Human Resource & Employment Services,0000723531,Paychex,Industrials,Human Resource & Employment Services,New York,355600000.0
PCAR,Paccar,Industrials,Construction Machinery & Heavy Transportation Equipment,0000075362,Paccar,Industrials,Construction Machinery & Heavy Transportation Equipment,Washington,526800000.0
PCG,PG&E Corporation,Utilities,Multi-Utilities,0001004980,PG&E Corporation,Utilities,Multi-Utilities,California,2197942874.0
PEG,Public Service Enterprise Group,Utilities,Electric Utilities,0000788784,Public Service Enterprise Group,Utilities,Electric Utilities,New Jersey,498000000.0
PEP,PepsiCo,Consumer Staples,Soft Drinks & Non-alcoholic Beverages,0000077476,PepsiCo,Consumer Staples,Soft Drinks & Non-alcoholic Beverages,New York,1373000000.0
PFE,Pfizer,Health Care,Pharmaceuticals,0000078003,Pfizer,Health Care,Pharmaceuticals,New York,5713000000.0
PFG,Principal Financial Group,Financials,Life & Health Insurance,0001126328,Principal Financial Group,Financials,Life & Health Insurance,Iowa,217380912.0
PG,Procter & Gamble,Consumer Staples,Personal Care Products,0000080424,Procter & Gamble,Consumer Staples,Personal Care Products,Ohio,2454400000.0
PGR,Progressive Corporation,Financials,Property & Casualty Insurance,0000080661,Progressive Corporation,Financials,Property & Casualty Insurance,Ohio,588100000.0
PH,Parker Hannifin,Industrials,Industrial Machinery & Supplies & Components,0000076334,Parker Hannifin,Industrials,Industrial Machinery & Supplies & Components,Ohio,130200000.0
PHM,PulteGroup,Consumer Discretionary,Homebuilding,0000822416,PulteGroup,Consumer Discretionary,Homebuilding,Georgia,192724978.0
PKG,Packaging Corporation of America,Materials,Paper & Plastic Packaging Products & Materials,0000075677,Packaging Corporation of America,Materials,Paper & Plastic Packaging Products & Materials,Illinois,89600000.0
PLD,Prologis,Real Estate,Industrial REITs,0001045609,Prologis,Real Estate,Industrial REITs,California,929153000.0
PLTR,Palantir Technologies,Information Technology,Application Software,0001321655,Palantir Technologies,Information Technology,Application Software,Florida,2391192000.0
PM,Philip Morris International,Consumer Staples,Tobacco,0001413329,Philip Morris International,Consumer Staples,Tobacco,New York,1558000000.0
PNC,PNC Financial Services,Financials,Diversified Banks,0000713676,PNC Financial Services,Financials,Diversified Banks,Pennsylvania,396000000.0
PNR,Pentair,Industrials,Industrial Machinery & Supplies & Components,0000077360,Pentair,Industrials,Industrial Machinery & Supplies & Components,United Kingdom,165500000.0
PNW,Pinnacle West Capital,Utilities,Multi-Utilities,0000764622,Pinnacle West Capital,Utilities,Multi-Utilities,Arizona,121971000.0
PODD,Insulet Corporation,Health Care,Health Care Equipment,0001145197,Insulet Corporation,Health Care,Health Care Equipment,Massachusetts,70390816.0
PPG,PPG Industries,Materials,Specialty Chemicals,0000079879,PPG Industries,Materials,Specialty Chemicals,Pennsylvania,223426948.0
PPL,PPL Corporation,Utilities,Electric Utilities,0000922224,PPL Corporation,Utilities,Electric Utilities,Pennsylvania,751041000.0
PRU,Prudential Financial,Financials,Life & Health Insurance,0001137774,Prudential Financial,Financials,Life & Health Insurance,New Jersey,353700000.0
PSA,Public Storage,Real Estate,Self-Storage REITs,0001393311,Public Storage,Real Estate,Self-Storage REITs,California,175902000.0
PSKY,Paramount Skydance Corporation,Communication Services,Movies & Entertainment,0002041610,Paramount Skydance Corporation,Communication Services,Movies & Entertainment,California,
PSX,Phillips 66,Energy,Oil & Gas Refining & Marketing,0001534701,Phillips 66,Energy,Oil & Gas Refining & Marketing,Texas,408053000.0
PTC,PTC Inc.,Information Technology,Application Software,0000857005,PTC Inc.,Information Technology,Application Software,Massachusetts,119536000.0
PWR,Quanta Services,Industrials,Construction & Engineering,0001050915,Quanta Services,Industrials,Construction & Engineering,Texas,149577564.0
PYPL,PayPal,Financials,Transaction & Payment Processing Services,0001633917,PayPal,Financials,Transaction & Payment Processing Services,California,920000000.0
Q,Qnity Electronics,Information Technology,Semiconductor Materials & Equipment,0002058873,Qnity Electronics,Information Technology,Semiconductor Materials & Equipment,Delaware,209800000.0
QCOM,Qualcomm,Information Technology,Semiconductors,0000804328,Qualcomm,Information Technology,Semiconductors,California,1074000000.0
RCL,Royal Caribbean Group,Consumer Discretionary,"Hotels, Resorts & Cruise Lines",0000884887,Royal Caribbean Group,Consumer Discretionary,"Hotels, Resorts & Cruise Lines",Florida,274000000.0
RDDT,Reddit,Communication Services,Interactive Media & Services,0001713445,Reddit,Communication Services,Interactive Media & Services,California,202107978.0
REG,Regency Centers,Real Estate,Retail REITs,0000910606,Regency Centers,Real Estate,Retail REITs,Florida,182902234.0
REGN,Regeneron Pharmaceuticals,Health Care,Biotechnology,0000872589,Regeneron Pharmaceuticals,Health Care,Biotechnology,New York,108600000.0
RF,Regions Financial Corporation,Financials,Regional Banks,0001281761,Regions Financial Corporation,Financials,Regional Banks,Alabama,896000000.0
RJF,Raymond James Financial,Financials,Investment Banking & Brokerage,0000720005,Raymond James Financial,Financials,Investment Banking & Brokerage,Florida,198139594.0
RL,Ralph Lauren Corporation,Consumer Discretionary,"Apparel, Accessories & Luxury Goods",0001037038,Ralph Lauren Corporation,Consumer Discretionary,"Apparel, Accessories & Luxury Goods",New York,62300000.0
RMD,ResMed|,Health Care,Health Care Equipment,0000943819,ResMed|,Health Care,Health Care Equipment,California,146385350.0
ROK,Rockwell Automation,Industrials,Electrical Components & Equipment,0001024478,Rockwell Automation,Industrials,Electrical Components & Equipment,Wisconsin,112400000.0
ROL,"Rollins, Inc.",Industrials,Environmental & Facilities Services,0000084839,"Rollins, Inc.",Industrials,Environmental & Facilities Services,Georgia,481193751.0
ROP,Roper Technologies,Information Technology,Electronic Equipment & Instruments,0000882835,Roper Technologies,Information Technology,Electronic Equipment & Instruments,Florida,106600000.0
ROST,Ross Stores,Consumer Discretionary,Apparel Retail,0000745732,Ross Stores,Consumer Discretionary,Apparel Retail,California,322333000.0
RSG,Republic Services,Industrials,Environmental & Facilities Services,0001060391,Republic Services,Industrials,Environmental & Facilities Services,Arizona,312168000.0
RTX,RTX Corporation,Industrials,Aerospace & Defense,0000101829,RTX Corporation,Industrials,Aerospace & Defense,Massachusetts,1356400000.0
RVTY,Revvity,Health Care,Health Care Equipment,0000031791,Revvity,Health Care,Health Care Equipment,Massachusetts,112281000.0
SBAC,SBA Communications,Real Estate,Telecom Tower REITs,0001034054,SBA Communications,Real Estate,Telecom Tower REITs,Florida,105666000.0
SBUX,Starbucks,Consumer Discretionary,Restaurants,0000829224,Starbucks,Consumer Discretionary,Restaurants,Washington,1136900000.0
SCHW,Charles Schwab Corporation,Financials,Investment Banking & Brokerage,0000316709,Charles Schwab Corporation,Financials,Investment Banking & Brokerage,Texas,1809000000.0
SHW,Sherwin-Williams,Materials,Specialty Chemicals,0000089800,Sherwin-Williams,Materials,Specialty Chemicals,Ohio,247700000.0
SJM,J.M. Smucker Company (The),Consumer Staples,Packaged Foods & Meats,0000091419,J.M. Smucker Company (The),Consumer Staples,Packaged Foods & Meats,Ohio,106661858.0
SLB,Schlumberger,Energy,Oil & Gas Equipment & Services,0000087347,Schlumberger,Energy,Oil & Gas Equipment & Services,Texas,1495331485.0
SMCI,Supermicro,Information Technology,"Technology Hardware, Storage & Peripherals",0001375365,Supermicro,Information Technology,"Technology Hardware, Storage & Peripherals",California,594137000.0
SNA,Snap-on,Industrials,Industrial Machinery & Supplies & Components,0000091440,Snap-on,Industrials,Industrial Machinery & Supplies & Components,Wisconsin,53000000.0
SNDK,Sandisk,Information Technology,"Technology Hardware, Storage & Peripherals",0002023554,Sandisk,Information Technology,"Technology Hardware, Storage & Peripherals",California,146000000.0
SNPS,Synopsys,Information Technology,Application Software,0000883241,Synopsys,Information Technology,Application Software,California,185994000.0
SO,Southern Company,Utilities,Electric Utilities,0000092122,Southern Company,Utilities,Electric Utilities,Georgia,1109000000.0
SOLV,Solventum,Health Care,Health Care Technology,0001964738,Solventum,Health Care,Health Care Technology,Minnesota,173490864.0
SPG,Simon Property Group,Real Estate,Retail REITs,0001063761,Simon Property Group,Real Estate,Retail REITs,Indiana,326366632.0
SPGI,S&P Global,Financials,Financial Exchanges & Data,0000064040,S&P Global,Financials,Financial Exchanges & Data,New York,298800000.0
SRE,Sempra,Utilities,Multi-Utilities,0001032208,Sempra,Utilities,Multi-Utilities,California,652731668.0
STE,Steris,Health Care,Health Care Equipment,0001757898,Steris,Health Care,Health Care Equipment,Ireland,97800000.0
STLD,Steel Dynamics,Materials,Steel,0001022671,Steel Dynamics,Materials,Steel,Indiana,144940102.0
STT,State Street Corporation,Financials,Asset Management & Custody Banks,0000093751,State Street Corporation,Financials,Asset Management & Custody Banks,Massachusetts,279077907.0
STX,Seagate Technology,Information Technology,"Technology Hardware, Storage & Peripherals",0001137789,Seagate Technology,Information Technology,"Technology Hardware, Storage & Peripherals",Ireland,212668547.0
STZ,Constellation Brands,Consumer Staples,Distillers & Vintners,0000016918,Constellation Brands,Consumer Staples,Distillers & Vintners,New York,
SW,Smurfit Westrock,Materials,Paper & Plastic Packaging Products & Materials,0002005951,Smurfit Westrock,Materials,Paper & Plastic Packaging Products & Materials,Ireland,522310486.0
SWK,Stanley Black & Decker,Industrials,Industrial Machinery & Supplies & Components,0000093556,Stanley Black & Decker,Industrials,Industrial Machinery & Supplies & Components,Connecticut,155036411.0
SWKS,Skyworks Solutions,Information Technology,Semiconductors,0000004127,Skyworks Solutions,Information Technology,Semiconductors,California,148700000.0
SYF,Synchrony Financial,Financials,Consumer Finance,0001601712,Synchrony Financial,Financials,Consumer Finance,Connecticut,347000000.0
SYK,Stryker Corporation,Health Care,Health Care Equipment,0000310764,Stryker Corporation,Health Care,Health Care Equipment,Michigan,386500000.0
SYY,Sysco,Consumer Staples,Food Distributors,0000096021,Sysco,Consumer Staples,Food Distributors,Texas,489825648.0
T,AT&T,Communication Services,Integrated Telecommunication Services,0000732717,AT&T,Communication Services,Integrated Telecommunication Services,Texas,7179000000.0
TAP,Molson Coors Beverage Company,Consumer Staples,Brewers,0000024545,Molson Coors Beverage Company,Consumer Staples,Brewers,Illinois,199100000.0
TDG,TransDigm Group,Industrials,Aerospace & Defense,0001260221,TransDigm Group,Industrials,Aerospace & Defense,Ohio,58200000.0
TDY,Teledyne Technologies,Information Technology,Electronic Equipment & Instruments,0001094285,Teledyne Technologies,Information Technology,Electronic Equipment & Instruments,California,46185578.0
TECH,Bio-Techne,Health Care,Life Sciences Tools & Services,0000842023,Bio-Techne,Health Care,Life Sciences Tools & Services,Minnesota,154972196.0
TEL,TE Connectivity,Information Technology,Electronic Manufacturing Services,0001385157,TE Connectivity,Information Technology,Electronic Manufacturing Services,Ireland,299000000.0
TER,Teradyne,Information Technology,Semiconductor Materials & Equipment,0000097210,Teradyne,Information Technology,Semiconductor Materials & Equipment,Massachusetts,156088000.0
TFC,Truist Financial,Financials,Diversified Banks,0000092230,Truist Financial,Financials,Diversified Banks,North Carolina,1262470000.0
TGT,Target Corporation,Consumer Staples,Consumer Staples Merchandise Retail,0000027419,Target Corporation,Consumer Staples,Consumer Staples Merchandise Retail,Minnesota,452840187.0
TJX,TJX Companies,Consumer Discretionary,Apparel Retail,0000109198,TJX Companies,Consumer Discretionary,Apparel Retail,Massachusetts,1107087991.0
TKO,TKO Group Holdings,Communication Services,Movies & Entertainment,0001973266,TKO Group Holdings,Communication Services,Movies & Entertainment,New York,194011072.0
TMO,Thermo Fisher Scientific,Health Care,Life Sciences Tools & Services,0000097745,Thermo Fisher Scientific,Health Care,Life Sciences Tools & Services,Massachusetts,378000000.0
TMUS,T-Mobile US,Communication Services,Wireless Telecommunication Services,0001283699,T-Mobile US,Communication Services,Wireless Telecommunication Services,Washington,1106930661.0
TPL,Texas Pacific Land Corporation,Energy,Oil & Gas Exploration & Production,0001811074,Texas Pacific Land Corporation,Energy,Oil & Gas Exploration & Production,Texas,68938230.0
TPR,"Tapestry, Inc.",Consumer Discretionary,"Apparel, Accessories & Luxury Goods",0001116132,"Tapestry, Inc.",Consumer Discretionary,"Apparel, Accessories & Luxury Goods",New York,208100000.0
TRGP,Targa Resources,Energy,Oil & Gas Storage & Transportation,0001389170,Targa Resources,Energy,Oil & Gas Storage & Transportation,Texas,214662156.0
TRMB,Trimble Inc.,Information Technology,Application Software,0000864749,Trimble Inc.,Information Technology,Application Software,Colorado,236000000.0
TROW,T. Rowe Price,Financials,Asset Management & Custody Banks,0001113169,T. Rowe Price,Financials,Asset Management & Custody Banks,Maryland,218565000.0
TRV,Travelers Companies (The),Financials,Property & Casualty Insurance,0000086312,Travelers Companies (The),Financials,Property & Casualty Insurance,New York,217500000.0
TSCO,Tractor Supply,Consumer Discretionary,Other Specialty Retail,0000916365,Tractor Supply,Consumer Discretionary,Other Specialty Retail,Tennessee,527017000.0
TSLA,"Tesla, Inc.",Consumer Discretionary,Automobile Manufacturers,0001318605,"Tesla, Inc.",Consumer Discretionary,Automobile Manufacturers,Texas,3751000000.0
TSN,Tyson Foods,Consumer Staples,Packaged Foods & Meats,0000100493,Tyson Foods,Consumer Staples,Packaged Foods & Meats,Arkansas,357000000.0
TT,Trane Technologies,Industrials,Building Products,0001466258,Trane Technologies,Industrials,Building Products,Ireland,224900000.0
TTD,Trade Desk (The),Communication Services,Advertising,0001671933,Trade Desk (The),Communication Services,Advertising,California,493551000.0
TTWO,Take-Two Interactive,Communication Services,Interactive Home Entertainment,0000946581,Take-Two Interactive,Communication Services,Interactive Home Entertainment,New York,185400000.0
TXN,Texas Instruments,Information Technology,Semiconductors,0000097476,Texas Instruments,Information Technology,Semiconductors,Texas,913000000.0
TXT,Textron,Industrials,Aerospace & Defense,0000217346,Textron,Industrials,Aerospace & Defense,Rhode Island,174310000.0
TYL,Tyler Technologies,Information Technology,Application Software,0000860731,Tyler Technologies,Information Technology,Application Software,Texas,43812000.0
UAL,United Airlines Holdings,Industrials,Passenger Airlines,0000100517,United Airlines Holdings,Industrials,Passenger Airlines,Illinois,323470682.0
UBER,Uber,Industrials,Passenger Ground Transportation,0001543151,Uber,Industrials,Passenger Ground Transportation,California,2067905000.0
UDR,"UDR, Inc.",Real Estate,Multi-Family Residential REITs,0000074208,"UDR, Inc.",Real Estate,Multi-Family Residential REITs,Colorado,328273044.0
UHS,Universal Health Services,Health Care,Health Care Facilities,0000352915,Universal Health Services,Health Care,Health Care Facilities,Pennsylvania,64462000.0
ULTA,Ulta Beauty,Consumer Discretionary,Other Specialty Retail,0001403568,Ulta Beauty,Consumer Discretionary,Other Specialty Retail,Illinois,44166000.0
UNH,UnitedHealth Group,Health Care,Managed Health Care,0000731766,UnitedHealth Group,Health Care,Managed Health Care,Minnesota,906000000.0
UNP,Union Pacific Corporation,Industrials,Rail Transportation,0000100885,Union Pacific Corporation,Industrials,Rail Transportation,Nebraska,593245884.0
UPS,United Parcel Service,Industrials,Air Freight & Logistics,0001090727,United Parcel Service,Industrials,Air Freight & Logistics,Georgia,850000000.0
URI,United Rentals,Industrials,Trading Companies & Distributors,0001067701,United Rentals,Industrials,Trading Companies & Distributors,Connecticut,63095970.0
USB,U.S. Bancorp,Financials,Diversified Banks,0000036104,U.S. Bancorp,Financials,Diversified Banks,Minnesota,1600000000.0
V,Visa Inc.,Financials,Transaction & Payment Processing Services,0001403161,Visa Inc.,Financials,Transaction & Payment Processing Services,California,
VEEV,Veeva Systems,Health Care,Health Care Technology,0001393052,Veeva Systems,Health Care,Health Care Technology,California,163778271.0
VICI,Vici Properties,Real Estate,Hotel & Resort REITs,0001705696,Vici Properties,Real Estate,Hotel & Resort REITs,New York,1068811371.0
VLO,Valero Energy,Energy,Oil & Gas Refining & Marketing,0001035002,Valero Energy,Energy,Oil & Gas Refining & Marketing,Texas,309000000.0
VLTO,Veralto,Industrials,Environmental & Facilities Services,0001967680,Veralto,Industrials,Environmental & Facilities Services,Massachusetts,248400000.0
VMC,Vulcan Materials Company,Materials,Construction Materials,0001396009,Vulcan Materials Company,Materials,Construction Materials,Alabama,130600000.0
VMRK,Vivmark Residential,Real Estate,Multi-Family Residential REITs,0000906107,Vivmark Residential,Real Estate,Multi-Family Residential REITs,Illinois,377806173.0
VRSK,Verisk Analytics,Industrials,Research & Consulting Services,0001442145,Verisk Analytics,Industrials,Research & Consulting Services,New Jersey,138397709.0
VRSN,Verisign,Information Technology,Internet Services & Infrastructure,0001014473,Verisign,Information Technology,Internet Services & Infrastructure,Virginia,91900000.0
VRT,Vertiv,Industrials,Electrical Components & Equipment,0001674101,Vertiv,Industrials,Electrical Components & Equipment,Ohio,382553680.0
VRTX,Vertex Pharmaceuticals,Health Care,Biotechnology,0000875320,Vertex Pharmaceuticals,Health Care,Biotechnology,Massachusetts,253991224.0
VST,Vistra Corp.,Utilities,Electric Utilities,0001692819,Vistra Corp.,Utilities,Electric Utilities,Texas,338059635.0
VTR,Ventas,Real Estate,Health Care REITs,0000740260,Ventas,Real Estate,Health Care REITs,Illinois,462615000.0
VTRS,Viatris,Health Care,Pharmaceuticals,0001792044,Viatris,Health Care,Pharmaceuticals,Pennsylvania,
VZ,Verizon,Communication Services,Integrated Telecommunication Services,0000732712,Verizon,Communication Services,Integrated Telecommunication Services,New York,4231000000.0
WAB,Wabtec,Industrials,Construction Machinery & Heavy Transportation Equipment,0000943452,Wabtec,Industrials,Construction Machinery & Heavy Transportation Equipment,Pennsylvania,170600000.0
WAT,Waters Corporation,Health Care,Life Sciences Tools & Services,0001000697,Waters Corporation,Health Care,Life Sciences Tools & Services,Massachusetts,59549000.0
WBD,Warner Bros. Discovery,Communication Services,Broadcasting,0001437107,Warner Bros. Discovery,Communication Services,Broadcasting,New York,2480000000.0
WDAY,"Workday, Inc.",Information Technology,Application Software,0001327811,"Workday, Inc.",Information Technology,Application Software,California,268117000.0
WDC,Western Digital,Information Technology,"Technology Hardware, Storage & Peripherals",0000106040,Western Digital,Information Technology,"Technology Hardware, Storage & Peripherals",California,347000000.0
WEC,WEC Energy Group,Utilities,Electric Utilities,0000783325,WEC Energy Group,Utilities,Electric Utilities,Wisconsin,325461519.0
WELL,Welltower,Real Estate,Health Care REITs,0000766704,Welltower,Real Estate,Health Care REITs,Ohio,696507255.0
WFC,Wells Fargo,Financials,Diversified Banks,0000072971,Wells Fargo,Financials,Diversified Banks,California,3092600000.0
WM,Waste Management,Industrials,Environmental & Facilities Services,0000823768,Waste Management,Industrials,Environmental & Facilities Services,Texas,402900000.0
WMB,Williams Companies,Energy,Oil & Gas Storage & Transportation,0000107263,Williams Companies,Energy,Oil & Gas Storage & Transportation,Oklahoma,1225000000.0
WMT,Walmart,Consumer Staples,Consumer Staples Merchandise Retail,0000104169,Walmart,Consumer Staples,Consumer Staples Merchandise Retail,Arkansas,8022000000.0
WRB,W. R. Berkley Corporation,Financials,Property & Casualty Insurance,0000011544,W. R. Berkley Corporation,Financials,Property & Casualty Insurance,Connecticut,377155799.0
WSM,"Williams-Sonoma, Inc.",Consumer Discretionary,Homefurnishing Retail,0000719955,"Williams-Sonoma, Inc.",Consumer Discretionary,Homefurnishing Retail,California,118770000.0
WST,West Pharmaceutical Services,Health Care,Health Care Supplies,0000105770,West Pharmaceutical Services,Health Care,Health Care Supplies,Pennsylvania,72000000.0
WTW,Willis Towers Watson,Financials,Insurance Brokers,0001140536,Willis Towers Watson,Financials,Insurance Brokers,United Kingdom,99000000.0
WY,Weyerhaeuser,Real Estate,Timber REITs,0000106535,Weyerhaeuser,Real Estate,Timber REITs,Washington,720531000.0
WYNN,Wynn Resorts,Consumer Discretionary,Casinos & Gaming,0001174922,Wynn Resorts,Consumer Discretionary,Casinos & Gaming,Nevada,103989787.0
XEL,Xcel Energy,Utilities,Multi-Utilities,0000072903,Xcel Energy,Utilities,Multi-Utilities,Minnesota,623600715.0
XOM,ExxonMobil,Energy,Integrated Oil & Gas,0002115436,ExxonMobil,Energy,Integrated Oil & Gas,Texas,4179000000.0
XYL,Xylem Inc.,Industrials,Industrial Machinery & Supplies & Components,0001524472,Xylem Inc.,Industrials,Industrial Machinery & Supplies & Components,New York,243584000.0
XYZ,"Block, Inc.",Financials,Transaction & Payment Processing Services,0001512673,"Block, Inc.",Financials,Transaction & Payment Processing Services,none,622838000.0
YUM,Yum! Brands,Consumer Discretionary,Restaurants,0001041061,Yum! Brands,Consumer Discretionary,Restaurants,Kentucky,281000000.0
ZBH,Zimmer Biomet,Health Care,Health Care Equipment,0001136869,Zimmer Biomet,Health Care,Health Care Equipment,Indiana,198700000.0
ZBRA,Zebra Technologies,Information Technology,Electronic Equipment & Instruments,0000877212,Zebra Technologies,Information Technology,Electronic Equipment & Instruments,Illinois,51212395.0
ZTS,Zoetis,Health Care,Pharmaceuticals,0001555280,Zoetis,Health Care,Pharmaceuticals,New Jersey,424927535.0
